Wydarzenie;Naglowek
BIZNES;Indonezyjski samolot zniknął z radarów. Wiózł trzech ważnych pasażerów
BIZNES;Najbogatszy człowiek świata domaga się wielkiego odszkodowania od gigantów AI
BIZNES;Zarząd Dino nie pojawił się na spotkaniu ze związkami. OPZZ: to przekracza wszystkie granice
BIZNES;Paramount zabiega o poparcie Europy. Zaostrza się rywalizacja z Netflixem
BIZNES;Dwaj giganci połączą siły. BBC i YouTube mają podpisać przełomową umowę
BIZNES;Jak uczymy się zarządzać prądem? Poznaliśmy Portret Energetyczny Polaków
BIZNES;Prąd stał się decyzją. Co dalej z energetycznymi wyborami Polaków?
BIZNES;Interkadra by Synergie od 1 stycznia 2026 działa jako Synergie Poland
BIZNES;Tak Polacy zarabiają na Vinted. Biznes na popularnych plecakach do samolotu
BIZNES;Ciało zaginionego biznesmena z Rosji znalezione na Cyprze. Jest teoria na temat śmierci
BIZNES;Potężna sieć handlowa z Rosji może wejść na ukraiński rynek. Scenariusz testowy
BIZNES;Dostawa ze sklepu w 10 minut. Rząd najludniejszego kraju świata blokuje projekt
BIZNES;Kamienie milowe w energetyce przekroczone. PSE podały nowe dane
BIZNES;Rosja przejmuje oddziały polskiej firmy. Jest odpowiedź giganta
BIZNES;Kariera lidera. Dlaczego studia MBA coraz częściej decydują o awansie
BIZNES;Duński koncern wyrzucony z Rosji. Firma wzbudzała kontrowersje
BIZNES;Rozpocznij rok 2026 z odpowiednim partnerem logistycznym, ponieważ Twoi klienci nie wybierają kurierów, wybierają najbliższą skrytkę pocztową
BIZNES;Daniel Obajtek rozlicza się z Orlenem. Nie byłem aktorem czy marionetką [WYWIAD]
BIZNES;Najlepsze systemy WMS w Polsce na 2026
BIZNES;Polski biznes optymistyczny. Firmy zadowolone z 2025 r. i dobrze nastawione na 2026 r.
BIZNES;W nowym roku postaw na wielki ekran - TOP 5 telewizorów 75 cali i więcej
BIZNES;Zakładałem firmę, będąc 20-latkiem. Nie miałem nawet 500 dol. Dziś obroty sięgają setek milionów
BIZNES;Najnowsze wiadomości o BTC: Jak osiągnąć dochód pasywny w obliczu wahań cen
BIZNES;Co zrobić, by osiągnąć sukces? Oto trzy kluczowe lekcje po rozmowach z 80 liderami
BIZNES;Wytrwałość, dane i wizja: jak powstaje startup zmieniający zdrowie [WYWIAD]
BIZNES;PiS miał zdewastować dumę Polski. Byliśmy na miejscu. Feniks w popiele po szyję
BIZNES;Tesla przegrywa z chińskim BYD. Elon Musk pokłócił się o to z Donaldem Trumpem
BIZNES;Pekinowi przeszkadzają satelity Elona Muska. Ostrzeżenie na forum ONZ
BIZNES;Bezpieczeństwo energetyczne Polski. Co robi z tym Orlen?
BIZNES;Liderzy biznesu, których pożegnaliśmy w 2025 r.
BIZNES;Wydawca Wyborczej chce od państwa dużego odszkodowania. Wskazuje unijne przepisy
BIZNES;Jest ostateczna decyzja!. CPK przekazuje ważną wiadomość tuż przed końcem roku
BIZNES;Donald Trump awansuje na liście miliarderów. Oszałamiająca liczba transakcji
BIZNES;Najwięksi wygrani i przegrani 2025 r. Tak hossa na giełdach zmieniła ranking miliarderów
BIZNES;Paczki-bumerangi. Polacy w styczniu masowo zwracają nietrafione prezenty
BIZNES;Noworoczna obniżka cen paliw. Trzecia na rynku sieć stacji ogłasza promocję
BIZNES;O tej sprawie Donald Tusk grzmiał w exposé. Jest ruch prokuratury
BIZNES;Inwestowanie na przyszłość bez stresu. Czym są fundusze cyklu życia?
BIZNES;Porsche, Bugatti i egipscy miliarderzy. Całą trójkę może połączyć jedna transakcja
BIZNES;Kadrowe trzęsienie ziemi w imperium rodziny Solorzów. Oto pełne zestawienie zmian
BIZNES;Cesarzowa telewizji odejdzie z Polsatu. Będzie miała nową rolę
BIZNES;Był prawą ręka Donalda Tuska. Eks-minister ląduje w spółce Solorzów
BIZNES;Wielka inwestycja Jacka Sasina w tarapatach. Hyundai walczy z Azotami o miliardy
BIZNES;Czym skorupka za młodu. Dlaczego dzieci powinny uczyć się finansów?
BIZNES;Kolejny etap największej inwestycji w Polsce. Chcemy się rozsądnie spieszyć
BIZNES;Lotnisko Chopina. Miliard na rozbudowę, żeby zamknąć po trzech latach
BIZNES;Wielkie pieniądze dla producenta ważnego uzbrojenia. Polski rząd uruchomił specjalny fundusz
BIZNES;Mały biznes, duże ambicje. Jak bankowość zmienia codzienność polskich firm?
BIZNES;Jak zmienić zawód lub branżę z pomocą sprawdzonej franczyzy
BIZNES;Szef MON zapowiada ważne umowy. Początek budowy zakładu produkującego pociski rakietowe
BIZNES;Górnicy z Silesii nie ustępują. Szykują specjalną akcję na poniedziałek
BIZNES;Sprzedałem firmę i mam więcej pieniędzy, niż kiedykolwiek mógłbym wydać. A jednak w wieku 66 lat nie mam planów przejścia na emeryturę
BIZNES;Nigdy nie spodziewałem się, że będę sprzedawać ołówki. Szybko zrobił się z tego milionowy biznes
BIZNES;Orlen zdecydował w sprawie przyszłości spółki Olefiny. Zmienił plany
BIZNES;Dzieci Zygmunta Solorza przejmują imperium. Zapowiadają  konsekwencje
BIZNES;Koniec mrożenia cen prądu w 2026? Niekoniecznie! Jest sposób na niższe rachunki
BIZNES;Bezpieczeństwo? Nie można zapominać o edukacji finansowej
BIZNES;To koniec Sukcesji po polsku. Historia sporu o imperium Zygmunta Solorza
BIZNES;Bezpieczeństwo stało się standardem. Dlaczego rynek ogrodzeń specjalistycznych rośnie szybciej niż kiedykolwiek?
BIZNES;Polscy przedsiębiorcy o innowacjach w Davos. „Polska wchodzi w nowy etap swojej historii”
BIZNES;Twój dział HR wciąż używa Excela do analizy płac? To prosta droga do problemów z nowymi przepisami
BIZNES;Co z fuzją Banku Pekao i PZU? Jest oficjalny komunikat w sprawie terminu
BIZNES;Polska mieszkaniowa mapa się rozjeżdża. Dlaczego w 2026 wygrywać będą miasta, nie „rynek”
BIZNES;AVÈNE TOLÉRANCE – niezawodna ulga dla skóry nadwrażliwej
BIZNES;Nie znamy kosztów kredytu ani stawek podatków. Oni chcą to zmienić
BIZNES;Jak przygotować flotę na 2026 rok? Cztery obszary, w których firmy szukają przewagi kosztowej
BIZNES;Nowy język e-commerce. Sklepy zaczynają działać w logice „nie przeszkadzaj użytkownikowi”
BIZNES;Niemieckie wojsko ma miliardowy kontrakt z polsko-fińską firmą
BIZNES;Polska transformacja energetyczna dodaje gazu. Czy to dobrze?
BIZNES;Jak SmartCAWI zmienia rynek badań online? Automatyzacja, transparentność i kontrola
BIZNES;Tysiąc powodów do świętowania! VW FS STORE bije rekord sprzedaży
BIZNES;Rok 2026 w branży okiennej – trendy, perspektywy i zapowiedzi
BIZNES;Szukają firm, które chcą zmienić zasady gry. Rusza konkurs „Twój biznes pod banderą sukcesu”!
BIZNES;Szogun, Tuhaj-bej i list do Jarosława Kaczyńskiego. Orlen znów tropi afery
BIZNES;Business Insider Awards 2025 rozdane
BIZNES;UE coraz bardziej odstaje od USA i Chin w rozwoju AI. To zagraża dobrobytowi i pozycji geopolitycznej Europy
BIZNES;Edukacja kluczem do osiągnięcia finansowego spokoju ducha
BIZNES;Nowy rozdział dla iRobot: dotychczasowy partner w roli inwestora
BIZNES;Forum Przedsiębiorczości - PARP4digital. Dokąd zmierzają polskie innowacje - relacja z wydarzenia.
BIZNES;Powstała Koalicja na Rzecz Zdrowia Jamy Ustnej. Nowa inicjatywa ma odpowiedzieć na kosztowny kryzys zdrowotny Polaków
BIZNES;NEXT prezentuje limitowaną ofertę noworoczną
BIZNES;Black Friday przestał być tylko świętem okazji. Stał się testem technologicznej dojrzałości rynku
BIZNES;Łódzcy naukowcy wspierają pacjentów z cukrzycą
BIZNES;Przyszłość handlu napędzana przez ludzi, technologię i odporność
BIZNES;Michał Sołowow ma nowego partnera w atomowym biznesie. To znany na świecie gigant
BIZNES;Jak z polskiej wsi dojść na globalny rynek. Trzech ekspertów o tym, jak naprawdę buduje się firmy światowej klasy
BIZNES;Urząd Transportu Kolejowego grozi przewoźnikowi z Czech. Zaczęła się konkurencja na kolei i może jej zaraz nie być
BIZNES;mBank jest kobietą!
BIZNES;Cinkciarz.pl w upadłości. Syndyk wskazał, ile osób się zgłosiło po zwrot pieniędzy
BIZNES;Polacy dywersyfikują portfele poza Europą. Sprawdzamy, dlaczego coraz częściej wybierają Dubaj
BIZNES;Era formularzy dobiega końca. Nowe preferencje Polaków w płatnościach online
BIZNES;Innowacje, odwaga i… 175 tys. zł na rozwój! Rusza VI edycja konkursu „Twój biznes pod banderą sukcesu”
BIZNES;Nowy pracodawca Andrzeja Dudy dostał milionową karę. Naruszenia i nieprawidłowości
BIZNES;Polacy mocno inwestują w OZE! | Onet Rano
BIZNES;Jak zarządzać nowoczesnym zespołem? Oto kluczowe cechy lidera przyszłości
BIZNES;Państwowa spółka zbuduje elektrownię. Będzie produkować energię z gazu ziemnego
BIZNES;Gdy prawo spotyka algorytm. Dlaczego AI dla prawników wymaga innych standardów?
BIZNES;Rośnie konkurencja na kolei w Polsce. Czeski przewoźnik obsłuży nowe połączenia
BIZNES;Połowa wiatraków w Niemczech będzie polegać na polskim serwisie. Ważna transakcja
BIZNES;Orlen zbuduje pierwszy przyzakładowy magazyn energii. Zdradził lokalizację
BIZNES;Pomaganie, które łączy. Wolontariat pracowniczy Procter & Gamble oczami jego uczestników
BIZNES;Profesjonalna mobilność bez kompromisów
BIZNES;Były minister znalazł pracę. Trafi do zarządu państwowego banku
BIZNES;Donald Trump wkracza w dużą transakcję. Sprawa dotyczy właściciela TVN
BIZNES;Lody Häagen-Dazs. Tak polski imigrant zbudował lodowe imperium
BIZNES;Mało znane fakty na temat właściciela TVN. Jego założyciele mają związek z Polską
BIZNES;SMR-y mają zmienić cenę energii. Członek zarządu Respect Energy wyjaśnia [WYWIAD]
BIZNES;Bon na zakup laptopa jeszcze niewykorzystany? Nauczycielu: sprawdź, na jaki sprzęt warto postawić
BIZNES;Komisja Europejska ukarała giganta mediów społecznościowych. Trzy zarzuty
BIZNES;Prezes firmy Drutex nie żyje. Wiadomo, do kogo trafią wszystkie akcje
BIZNES;Netflix kupi część biznesu właściciela TVN. Zawrotna kwota
BIZNES;Oman – nowe centrum inwestycji dla Polaków. Dlaczego teraz warto tam kupić nieruchomość?
BIZNES;Koszt kaucjomatów w wielkiej sieci sklepów w Polsce. Kwota robi wrażenie
BIZNES;Wielkie lotnisko w Polsce wraca do życia. Docelowo 10 mln pasażerów
BIZNES;Polski startup przejęty przez amerykańskiego giganta od sztucznej inteligencji
BIZNES;Pracownicy Stokrotki szykują strajk i żądają 800 zł podwyżki. Oto ile zarabiają
BIZNES;Dlaczego w starciu z AI wygrają ci, którzy postawią na... bycie człowiekiem? Neurony kontra algorytmy
BIZNES;Zwolnienia u Zygmunta Solorza. Pracę straci prawie 80 proc. załogi
BIZNES;Czy fintech może zastąpić bank w drodze po własny samochód? Polska firma już to robi
BIZNES;Boże Narodzenie bez prezentu od firmy? 90% pracowników czeka na świąteczne wsparcie finansowe
BIZNES;Marketing musi być traktowany jak silnik wzrostu i inwestycja, a nie centrum kosztów. Szef IAA i lider LinkedIn zdradza najlepsze praktyki
BIZNES;Rozpocznij działalność innowacyjną z INNOSTART
BIZNES;Forum Samorządowe w Zakopanem pokazało, które tematy zdominują lokalne strategie
BIZNES;Samorządy coraz silniejsze w cyberprzestrzeni. Debaty pod Tatrami wyznaczyły kierunek modernizacji usług publicznych
BIZNES;Fuzja gigantów na rynku mody. Jest oficjalne potwierdzenie
BIZNES;Dzięki KSeF małe firmy mogą nadrobić cyfrowe zaległości. To szansa, a nie kolejny obowiązek [WYWIAD]
BIZNES;Zakopane zakończyło debatę, ale otworzyło nowy rozdział. Polskie samorządy chcą mówić jednym głosem
BIZNES;KSeF jako katalizator zmian. Cyfryzacja staje się priorytetem
BIZNES;Device as a Service – jak kompleksowe wsparcie urządzeń IT odciąża firmy?
BIZNES;Call of Duty jako wzór do naśladowania w biznesie. Tak sprzedaje się dziś treści cyfrowe
BIZNES;Perowskity i pożyczki. Olga Malinkiewicz kontra inwestorzy
BIZNES;Największy polski ubezpieczyciel donosi na byłych prezesów. Wskazuje straty
BIZNES;Kulisy polskiego Black Friday na Amazon.pl [WYWIAD]
BIZNES;Black Friday to raj dla oszustów. Oto praktyczne rady, jak bronić się przed pułapkami
BIZNES;Tylko restrukturyzacja może uratować twój biznes
BIZNES;Black Friday? Nie, dziękuję. Oto dlaczego coraz więcej ludzi odwraca się od wyprzedaży
BIZNES;Pożar w Hongkongu. Firmy prześcigają się w milionowych darowiznach [LISTA]
BIZNES;Black Friday manipuluje naszymi mózgami. Oto sztuczki, przez które kupujemy niepotrzebne rzeczy
BIZNES;Firmy kurierskie zwiększają zatrudnienie o 30 proc. Urlopy w tym czasie nie wchodzą w grę
BIZNES;OLX Group z rekordową rentownością. Marża na poziomie 49% oraz solidny wzrost przychodów o 22%.
BIZNES;Nowy Lexus? Najlepszy moment. Wyprzedaż rocznika
BIZNES;Huta Królewska kończy działalność. ArcelorMittal zamyka zakład po ponad dwustu latach
BIZNES;Ucz się, bo inaczej skończysz w pracy fizycznej. Nie posłuchali i są milionerami
BIZNES;Lidl sprzedaje 24 sklepy. Na stole ponad 200 mln euro
BIZNES;Aqua Resort Międzyzdroje – nowa ikona polskiego wybrzeża. Gdy wypoczynek,  wodna rozrywka, wellness i emocje spotykają się w jednym miejscu
BIZNES;Rekordowy zakup. PESA i Newag z kontraktem ORLEN
BIZNES;Pomiędzy dziedzictwem a przyszłością bankowości
BIZNES;TikTok jest już rywalem eBaya w globalnych zakupach online
BIZNES;Wielka fuzja na rynku mediów. Rzeczpospolita z nowym właścicielem
BIZNES;Wielki konglomerat inwestycyjny z Abu Zabi zainteresowany aktywami Łukoila
BIZNES;Trzy firmy złożyły formalne oferty przejęcia właściciela TVN. Media wskazują faworyta
BIZNES;Budowa elektrowni jądrowej z Turkami i Koreańczykami? Repolonizacja w praktyce
BIZNES;Te polskie firmy prywatne uzbrajają polskie wojsko. Na liście: roboty, radary, drony
BIZNES;Fabryka Wełny – centrum biznesowych spotkań i wyjątkowych wydarzeń
BIZNES;Bydgoszcz w trybie secure. Miasto buduje swoją przewagę w gospodarce cyfrowej
BIZNES;Jedyny czat AI dla prawników, bazujący na zasobach LEX - Wolters Kluwer Polska wprowadza LEX Expert AI
BIZNES;Wpływ gadżetów reklamowych na lojalność klientów - wnioski z raportu BIOSTAT® i OpenGift.pl
BIZNES;Sąd UE odrzucił apelację amerykańskiego giganta. To nie koniec walki
BIZNES;Mark Zuckerberg wygrywa sprawę antymonopolową. Pierwsze tak zdecydowane zwycięstwo
BIZNES;Jak wygląda biuro gotowe na 2026 rok? Trendy, które definiują nowy standard pracy
BIZNES;Musieliśmy znaleźć sposób, by się wyróżnić
BIZNES;Gaz ziemny fundamentem przemysłu. Dlaczego trudno go zastąpić w naszej gospodarce?
BIZNES;Amerykański gigant w grze o przejęcie cennych aktywów rosyjskiego Łukoila
BIZNES;Wielki projekt Niemiec i Francji fiaskiem? Wyceniano go na 100 mld euro
BIZNES;Wolters Kluwer przejmuje Libra Technology GmbH - dostawcę rozwiązań AI dla prawników
BIZNES;Nawet 4200 zł premii dla przedsiębiorców z iKontem Biznes w Alior Banku
BIZNES;Gdzie rośnie ryzyko, tam wkracza AI
BIZNES;Centrum Janki stawia na inkluzywność. Otwarto Strefę Wyciszenia – nie tylko dla osób neuroróżnorodnych
BIZNES;Gigant meblowy zapowiada zwolnienia grupowe. Związkowcy protestują
BIZNES;Black Friday 2025 – bezpieczne i sprytne zakupy
BIZNES;Opakowanie kartonowe – cichy bohater łańcucha dostaw
BIZNES;Republika chce powalczyć z Allegro i Amazonem. Nowy projekt
BIZNES;2 mld euro na infrastrukturę AI. ACS i BlackRock tworzą wspólną spółkę
BIZNES;Zdrowie pracowników się opłaca – oszczędności liczone w miliardach, korzyści bezcenne
BIZNES;Gigant odzieżowy kończy współpracę z legendą NBA. M.in. przez cła
BIZNES;XTB zdobyło nagrodę Effie dzięki nowatorskiemu podejściu
BIZNES;Rekonfiguracja globalnych łańcuchów wartości: Polska wobec nowych wyzwań konkurencyjności
BIZNES;Toyota rusza z produkcją baterii w USA. Ogromna inwestycja na lata
BIZNES;Koniec ery formularzy. Sklepy w Polsce uczą się, że mniej kliknięć znaczy więcej pieniędzy
BIZNES;Vienna Life: „Nasza ambicja to TOP3 ubezpieczycieli na życie”
BIZNES;Przemysł blisko ludzi. Pokazujemy region, który zbudował własny model rozwoju
BIZNES;Żabka bije rekordy. CEO jednostki biznesowej Żabka Polska zdradza kulisy i plany rozwoju „najbardziej dostępnej franczyzy” [WYWIAD]
BIZNES;Netflix oferuje już gry, a teraz myśli na poważnie o czymś innym. Widać lekki optymizm inwestorów
BIZNES;Ugoda po 20 latach sporów. Zmiany odczują klienci i sprzedawcy w USA
BIZNES;Niemiecki koncern motoryzacyjny ogranicza produkcję. Zwolnienia dotkną też Polskę
BIZNES;Jakim cudem biały t-shirt może kosztować prawie 2 tys. zł? To wszystko jest wliczone w cenę tej koszulki
BIZNES;Auchan pozbywa się centrów handlowych w Polsce. Nieruchomości trafią do węgierskiego funduszu
BIZNES;Kolosalnie spadł zysk w IKEA. Prawdopodobny koniec ery obniżek cen
BIZNES;Elon Musk dostaje pakiet za 1 bln dol. Instytucje ostrzegają
BIZNES;Firmę teściów zmieniła w imperium. Została polską królową cappuccino w proszku
BIZNES;Branża suplementów rośnie w siłę. Wartość rynku zbliża się do 9 mld zł
BIZNES;Polski gigant przejął wielkie winnice w Mołdawii, Bułgarii i Rumunii. 2000 hektarów
BIZNES;Skarga na PKP Intercity do Komisji Europejskiej. Czeski przewoźnik kolejowy ma w Polsce pod górę
BIZNES;Elon Musk wyciąga rękę do Intela. W planach budowa terafabryki chipów AI w Tesli
BIZNES;Świąteczna prognoza dla zakupów przez internet. Rafał Brzoska o miksie sygnałów
BIZNES;Zwrot w sprawie aktywów Łukoilu. Chętny się wycofał
BIZNES;Akcjonariusze zgodzili się na podwyżkę dla Muska. Horrendalna kwota
BIZNES;To zdjęcie obiegnie świat. Menedżer zemdlał podczas konferencji Trumpa [WIDEO]
BIZNES;Spada liczba wydawanych wiz w Polsce. Biznes dostał rykoszetem
BIZNES;Zacznij od audytu – nowe Czyste Powietrze daje więcej korzyści
BIZNES;Mapa kompetencji AI, czyli jakie są wyzwania dla rozwoju sztucznej inteligencji w Polsce?
BIZNES;Międzyzdroje – Dlaczego to idealny kierunek dla branży MICE?
BIZNES;Pierwszy miesiąc systemu kaucyjnego. Czy wkrótce będziemy mieć wyprzedaże napojów ze starymi butelkami? [WYWIAD]
BIZNES;Ortodoncja w erze technologii. Jak Invisalign zmienia doświadczenie pacjenta?
BIZNES;Technologia, zespół i wartości – sekret sukcesu Top Beauty Clinic
BIZNES;Paradoks na rynku – firmy wdrażają AI, ale nie szkolą pracowników
BIZNES;Miedź, podatki i miejsca pracy. Dolny Śląsk nie musi szukać szczęścia gdzie indziej
BIZNES;Marketing tradycyjny - gdzie szukać szans i jak je wykorzystać?
BIZNES;Wall Street Journal: firma Elona Muska otrzyma kontrakt na 2 mld dol.
BIZNES;Wiedza, doświadczenie i smaki Pomorza Zachodniego w jednym miejscu.
BIZNES;Wojsko Polskie kupuje 250 ambulansów. Największy kontrakt w historii armii
BIZNES;mBank prezentuje plan transformacji
BIZNES;AI pomoże kobietom na rynku pracy
BIZNES;Comarch EDI KSeF w praktyce: przegląd funkcji, które ułatwiają codzienną pracę z e-fakturami
BIZNES;Raport dotyczący AI pokazuje, że polskie firmy nie mają wyjścia. Czy uczymy się ufać maszynom?
BIZNES;Miliony kont zagrożone. Hasła do Gmaila wyciekły do sieci
BIZNES;Jedna decyzja, milionowe efekty. Tak Łódź buduje nowy model samorządowej efektywności
BIZNES;PGE przejmuje pełną kontrolę nad projektem badań lokalizacyjnych elektrowni jądrowej
BIZNES;Ostatni moment na najlepsze unijne dotacje. Firmy mają rok na decyzje, które zdefiniują ich przyszłość
BIZNES;Karty żywieniowe bez paragonów? Rośnie liczba pozytywnych interpretacji ZUS
BIZNES;Szara strefa zagrożeniem dla konsumentów – licencjonowanie instytucji pożyczkowych poprawi bezpieczeństwo
BIZNES;Rola sektora motoryzacyjnego w Polsce maleje. Tracimy na atrakcyjności
BIZNES;Wykup nieopłaconych faktur dla MŚP to sposób na odzyskanie pieniędzy i płynności finansowej
BIZNES;Wiceprezes PFR zdradza plany funduszu. Te spółki mogą trafić na giełdę [WYWIAD]
BIZNES;Polska się starzeje, firmy szukają klientów w Europie. Ekspansja jest dziś łatwiejsza niż kiedykolwiek
BIZNES;Najlepszy moment do przejmowania firm w Niemczech. Polacy kupili producenta z pół wieku tradycji
BIZNES;Niepewna przyszłość właściciela TVN. Mimo tego wycena biznesu rośnie
BIZNES;Idziesz na urlop? Ten start-up chętnie zapewni pracodawcy twojego cyfrowego klona
BIZNES;YouTuberzy nie polegają już na przychodach z reklam. Tak dziś zarabia się w sieci
BIZNES;Kogo stać na polski futbol. Takie biznesy stoją za klubami [ANALIZA]
BIZNES;BGK wspiera PGZ. Gwarancje na miliard złotych
BIZNES;Adamed. Polska firma farmaceutyczna z globalnym zasięgiem
BIZNES;Magda Gessler, Piotr Ogiński, Grzegorz Łapanowski gotują na Pomorzu Zachodnim
BIZNES;Media społecznościowe pod lupą. Możliwe wielomiliardowe kary
BIZNES;Wyższy podatek CIT od banków przyniesie nieoczekiwany skutek przed końcem roku
BIZNES;Maciej Adamkiewicz nie żyje. To jeden z najbogatszych Polaków
BIZNES;Sigillum – podpis elektroniczny dostarczany przez Polską Wytwórnię Papierów Wartościowych S.A. bezpłatnie w aplikacji mObywatel
BIZNES;Siedem rodzin, które trzęsą Niemcami. Nawet za Odrą mało kto kojarzy ich przedstawicieli
BIZNES;Rząd szykuje wielką fuzję, a PiS mówi twarde nie. To uderzenie w Polaków i Polskę
BIZNES;Sztuczna inteligencja wspomaga firmy
BIZNES;Platformy handlowe coraz częściej punktem startowym zakupów online - Allegro na czele
BIZNES;Cyfryzacja firm rodzinnych. Jak nadgonić tempo?
BIZNES;Indyjski gigant paliwowy może wstrzymać zakupy ropy z Rosji
BIZNES;Sklepy Komfort z nowym Dyrektorem Finansowym.
BIZNES;Do zarządu dołącza Sławomir Baniak
BIZNES;Z pokolenia na pokolenie, z Polski na świat – aromatyczna transformacja rodzinnego biznesu
BIZNES;Ostatni dzwonek na wdrożenie KSeF. Jak je przeprowadzić i uniknąć paraliżu firmy w 2026 roku?
BIZNES;Czy wstrząs we Francji uderzy w Polskę i strefę euro? Są trzy scenariusze [ANALIZA]
BIZNES;Pracę straci 1200 pracowników popularnej sieci pizzerii na Wyspach
BIZNES;Polska Grupa Zbrojeniowa podpisała umowę z francuską firmą
BIZNES;Ile można zarobić na OnlyFans? Szefowa platformy podsumowała wypłaty
BIZNES;Amerykański przemysł zbrojeniowy liczy zyski
BIZNES;Sojusz przeciwko superinteligencji. Naukowcy i celebryci wzywają do zakazu jej rozwoju
BIZNES;Czterodniowy tydzień pracy wywołuje sporo kontrowersji
BIZNES;Innowacje i AI w małym AGD: jak rewolucjonizować rynek dzięki danym i strategicznej koncentracji
BIZNES;Błoto, pot i networking
BIZNES;Andrzej Domański dostaje państwowe spółki. Jeden bank już kontroluje
BIZNES;Ukraińska spółka oszacowała wojenne straty. Infrastruktura bezlitośnie niszczona
BIZNES;Prezes BCC: obronność może stać się kołem zamachowym gospodarki. Wskazuje warunek
BIZNES;Ambitne cele Orlenu do 2035 roku. Biznes chce dyskusji o narzędziach i terminach
BIZNES;NEXT prezentuje globalne nieruchomości na targach United Property & Invest w Polsce
BIZNES;Branża wiatrowa idzie w teren walczyć z dezinformacją. Chcemy wrócić do korzeni.
BIZNES;Zygmunt Solorz przegrywa w kolejnej spółce. Został odwołany
BIZNES;Strategia ORLEN odpowiedzią na konieczność transformacji
BIZNES;Rosja musi zapłacić 50 mld dol. akcjonariuszom Jukosu. Przełomowe orzeczenie
BIZNES;Meta wycofuje Messengera. Użytkownicy muszą się przygotować
BIZNES;Temat zdrowia znów głośno wybrzmiał. Zakończył się Kongres Zdrowe Miasta
BIZNES;Tak nowy podatek wpłynie na koszt kredytu dla Polaków i finansowanie inwestycji
BIZNES;Legia Warszawa dogadała się z nowym partnerem. Odczuć to mają kibice
BIZNES;Kredytowy potentat nie żyje. Zostawił po sobie pięć biznesowych rad
BIZNES;Szwajcarski gigant zwolni tysiące pracowników. W Polsce zatrudnia 3,4 tys.
BIZNES;Jak założyć firmę przez telefon w dwie godziny | Onet Rano Finansowo
BIZNES;Musimy wyznaczyć ambitne cele i uciekać do przodu. Rafał Brzoska o dwóch latach koalicji 15 października
BIZNES;Polska jako centrum AI – potencjał i bariery rozwoju technologicznego w regionie CEE
BIZNES;Rafako zyska nowe życie. Jest deklaracja Donalda Tuska
BIZNES;Warszawskie Lotnisko Chopina z rekordowym wrześniem. Ponad 2,3 mln pasażerów w miesiąc
BIZNES;Dreame inwestuje 702 mln dolarów w rozwój i planuje podbój rynku smart home
BIZNES;Polska i Niemcy łączą siły w obronności. Powstanie Europejskie Centrum Wozów Wsparcia
BIZNES;JSW rozpoczyna restrukturyzację. Nowy prezes zapowiada głębokie zmiany
BIZNES;Karta Lunchowa dla pracowników – benefit z którego korzystają Polacy
BIZNES;Od wyścigu po więcej do sztuki bycia. Jak znaleźć swoją drogę w świecie, który ciągle każe nam biec?
BIZNES;Kopernikański przewrót kolejowy. Na polskie tory wjeżdża konkurencja
BIZNES;PKP wykorzysta miliardy z KPO. Nie ma zagrożenia
BIZNES;Żadne nasionko ani pyłek nie mogą wydostać się na zewnątrz. Tak wygląda walka o przyszłość kawy
BIZNES;Stacje paliw w Polsce. Trzeci na rynku goni liderów, niedawny debiutant zamyka stacje
BIZNES;Czy zakupy mogą być formą relaksu? W Polsce rusza nowy format drogerii
BIZNES;2 zł za baterię i stację do odkurzacza Electrolux Absolute Hygienic 800? Nie przegap okazji!
BIZNES;Największa sieć sklepów w Polsce ujawniła rąbka tajemnicy. Oto miesięczne przychody
BIZNES;Z Gdańska w Tatry w 1,5 godziny? Wizz Air uruchamia nowe połączenia
BIZNES;Odkrywamy zachowania polskich e-konsumentów: 60% kupujących poluje na promocje podczas takich wydarzeń jak Wielkie Okazje Prime na Amazon.pl
BIZNES;Rewolucja na polskich torach RegioJet startuje z ofertą
BIZNES;Jarosław Kaczyński w konflikcie o dworek. Właścicielka odrzuca ofertę
BIZNES;Apple pod lupą francuskiej prokuratury. Czy Siri podsłuchuje użytkowników?
BIZNES;Nauka angielskiego na Malcie. Dlaczego wyjazd językowy to inwestycja w karierę i rozwój osobisty?
BIZNES;Amerykański gigant farmaceutyczny stawia na Indie. Miliardowa inwestycja
BIZNES;Na Ukrainie biją rekordy popularności. Aplikacja NovaPay EU debiutuje w Polsce
BIZNES;Energia w pakiecie z jakością
BIZNES;System kaucyjny ominął mleko. Tak branża odzyskuje opakowania. Rozmowa z szefem Tetra Pak na nasz region
BIZNES;Fenomen WD-40. Skład w sejfie, regularne dywidendy i ponadprzeciętnie lojalni pracownicy
BIZNES;Gastronomia pod presją rosnących kosztów. Od 20 lat jest ciężko
BIZNES;Pogoda pogodą.... Jak wyglądał ten sezon dla branży turystycznej
BIZNES;Drony nad niemieckim lotniskiem. Starty opóźnione
BIZNES;Czy w Wielkiej Brytanii brakuje przedsiębiorcom ambicji? Nie ma wsparcia
BIZNES;Rada nadzorcza JSW odpowiedziała na decyzję audytora. Pozytywna opinia
BIZNES;To on przejął stery po odwołanym prezesie JSW. Kim jest Bogusław Oleksy?
BIZNES;Banki idą na rekord. ZBP prognozuje zyski na koniec 2025 r.
BIZNES;LOT kontra Boeing. Konflikt rozstrzygnie ława przysięgłych
BIZNES;Boom na infrastrukturę AI nie zwalnia. BlackRock szykuje rekordową transakcję
BIZNES;Rosjanie chcą wspólnego interesu z USA. W grze największy koncern naftowy w Serbii
BIZNES;Kaufland wycofuje kontrowersyjny produkt. Sieć tłumaczy się z błędu
BIZNES;Koniec legendy tytoniowej w Niemczech. Pracownicy w Polsce czekają na decyzję
BIZNES;Największy kontrakt w historii LOT-u. Podano, kiedy przyleci pierwszy Airbus A220
BIZNES;InPost za pośrednictwem buycoffee.to umożliwia postawienie wirtualnej kawy dla Kurierów
BIZNES;Najlepsze systemy POS dla gastronomii – TOP 5 kompleksowych rozwiązań z zakresu oprogramowania dla gastronomii
BIZNES;Tak się kończy megalomania w biznesie. Radom zostaje z jednym połączeniem
BIZNES;Sztuczna inteligencja i reklama w sklepach motorami transformacji marketingu. Polskie firmy mogą wykorzystać globalne trendy
BIZNES;Listy zastawne - nieoczywista alternatywa dla lokat
BIZNES;Pierwszy sukces nowego zarządu. Koniec sporu zbiorowego w PZU
BIZNES;Nawet 4,3 miliona czekoladowych produktów dziennie – fabryka Mars w Janaszówku świętuje 30 lat działalności
BIZNES;Elżbieta Krawczyk-Grzyb, prezeska Free Polska - wyłącznego przedstawiciela marki GREE w kraju, o sukcesie i wyzwaniach w zarządzaniu firmą
BIZNES;Rośnie zainteresowanie wśród pracowników dopłatami do dojazdów do pracy. Tylko 9 proc. firm oferuje takie benefity
BIZNES;Biznesowy apetyt na zmianę -  wydarzenie „Taste & Travel” już w październiku!
BIZNES;Sztuka biznesu i biznes w sztuce [FELIETON]
BIZNES;Interkadra by Synergie w procesie rebrandingu. Od 1.01.2026 roku pod marką Synergie
BIZNES;Banki z jeszcze większymi zyskami. NBP podał nowe dane
BIZNES;Benefity jako korzyść dla pracowników i biznesu
BIZNES;Wiemy, kto kupił monumentalnego Mitoraja. Za Tindaro stoi jeden z najbogatszych Polaków i jego nowy projekt
BIZNES;Wsparcie rodziców w świecie biznesu — wymóg prawa, moda czy misja?
BIZNES;Kultowa wrocławska knajpa pokazała swoje koszty. Bez januszowania
BIZNES;Menadżerowie krezusi. W tych firmach zarządzający najlepiej zarabiają na życie
BIZNES;Kraje bałtyckie – małe gospodarki, wielki potencjał dla logistyki
BIZNES;Benefity od kulis. Z korzyścią dla pracowników i biznesu
BIZNES;Orlen Paczka zmieni właściciela. Płocki koncern znalazł nabywcę
BIZNES;KSeF: czy będzie cyfrowym katalizatorem dla polskich firm?
BIZNES;Ministerstwo Finansów wstrzymuje wielką fuzję Pekao z PZU. Znamy powód
BIZNES;Takie są plany na energetykę jądrową w Polsce. Prezes PEJ o priorytetach [WYWIAD]
WYPADEK;Policjantka z Komisariatu II w Radomiu będąc po służbie, zatrzymała nietrzeźwego kierowcę
WYPADEK;Bądź gotowy do bezpiecznej, świątecznej drogi!
WYPADEK;O krok od tragedii. 67-latka niemal potrąciła pieszych na pasach
WYPADEK;Policyjny pościg za 35-latkiem bez prawa jazdy i z narkotykami
WYPADEK;Wjechał hulajnogą na przejście i uderzył w osobówkę. 8-latek trafił do szpitala
WYPADEK;Autobus i rowerzystka - poważne zdarzenie w Międzyzdrojach
WYPADEK;Potrącenie 9-letniej dziewczynki na ulicy Pamiątki
WYPADEK;Wjechała na przejazd kolejowy, kiedy zamykały się rogatki
WYPADEK;Do 20 lat więzienia grozi kierowcy, który śmiertelnie potrącił 78-letnią rowerzystkę, a potem uciekł
WYPADEK;Pod prąd na rondzie, wprost na nadjeżdżający radiowóz
WYPADEK;Wjechał hulajnogą elektryczną wprost pod nadjeżdżające auto
WYPADEK;13-latek uciekał audi przed ostrowieckimi policjantami
WYPADEK;Szponcił na drodze - zatrzymali go policjanci
WYPADEK;Uciekał przed policjantami, bo nie posiadał uprawnień do kierowania. 28-latek zatrzymany po pościgu
WYPADEK;Policjanci z Kluczborka uratowali życie 87-latkowi
WYPADEK;Na drodze nie ma miejsca na alkohol – działania „Trzeźwy wieczór” na lubuskich drogach
WYPADEK;Tymczasowy areszt dla 47-letniego sprawcy tragicznego wypadku drogowego
WYPADEK;Sprawdź światła pojazdu. Bezpłatnie!
WYPADEK;52-latek zatrzymany po policyjnym pościgu. Kierował bez uprawnień i pod wpływem narkotyków
WYPADEK;Śmiertelne potrącenie motorowerzysty w powiecie parczewskim
WYPADEK;Potrącił pieszego i uciekł - zarzuty dla 80-letniego kierowcy
WYPADEK;Niebezpieczne zdarzenie przed przejazdem drogowo-kolejowym
WYPADEK;Bezpieczne Andrzejki 2025
WYPADEK;Nie ustąpił pierwszeństwa i doprowadził do kolizji
WYPADEK;Policyjne działania Prędkość
WYPADEK;Policyjny pościg ulicami Wrocławia. Uciekinierzy doprowadzili do poważnego wypadku
WYPADEK;Nietrzeźwy kierujący bez uprawnień uderzył w latarnię - sprawa trafi do sądu
WYPADEK;Policyjny pościg zakończony zatrzymaniem
WYPADEK;Nocny pościg w Zielonej Górze. Policjanci zatrzymali kierowcę z trzema zakazami i dwoma listami gończymi
WYPADEK;Policjanci ewakuowali osoby uwięzione przez zamieć śnieżną w swoich samochodach
WYPADEK;Pięciokrotne złamanie sądowego zakazu zakończone wyrokiem
WYPADEK;Zawodowi kierowcy nadal lekceważą przepisy na A2. 20 wykroczeń w zaledwie 3 godziny
WYPADEK;„Twoje światła – Nasze bezpieczeństwo”  kampania na rzecz sprawnych świateł
WYPADEK;Wjechał na skrzyżowanie na czerwonym świetle i doprowadził do kolizji
WYPADEK;Policyjny pościg i skuteczne zatrzymanie 26-latka w sportowym audi
WYPADEK;Nie zatrzymał się do kontroli, bo był poszukiwany, pod wpływem narkotyków i miał cofnięte uprawnienia
WYPADEK;Bądź widoczny – noś odblaski. Jesień to czas, gdy pieszy musi świecić przykładem
WYPADEK;Na hulajnodze wjechał w kobietę z wózkiem. Policjanci skierują sprawę do sądu
WYPADEK;Policyjny pościg za 16-latkiem bez uprawnień i pod wpływem amfetaminy
WYPADEK;19-latek usłyszał wyrok w trybie przyspieszonym. Bezwzględne więzienie
WYPADEK;Niebezpieczne zachowania kierowców na przejściu w bydgoskim Fordonie
WYPADEK;Wołowscy policjanci zatrzymali 37-letniego mężczyznę za niezatrzymanie się do kontroli, łamania zakazu sądowego, posiadanie narkotyków i kilka innych naruszeń prawa
WYPADEK;Jeleniogórscy policjanci po pościgu zatrzymali 30-latka podejrzewanego m.in. o kradzież pojazdu i czynną napaść na funkcjonariusza
WYPADEK;Pijany doprowadził do dachowania auta i uciekł z miejsca zdarzenia, nie udzielając pomocy poszkodowanemu pasażerowi
WYPADEK;Promile i brak karty rowerowej. Sprawą 14-latka zajmie się sąd rodzinny
WYPADEK;12-latka na hulajnodze potrącona na pasach
WYPADEK;Pijany kierowca potrącił policjantkę
WYPADEK;Pościg za 16-latkiem na hulajnodze elektrycznej
WYPADEK;Na drodze nie ma miejsca na błędy! Potrącenie pieszej w oku kamery
WYPADEK;Był nietrzeźwy i uciekał - zatrzymali go policjanci
WYPADEK;Para włamywaczy zatrzymana i odzyskana cześć skradzionego mienia - sukces wałbrzyskich kryminalnych
WYPADEK;Przyjechał pod komendę…na podwójnym gazie
WYPADEK;Dwukrotnie jechał z prędkością 111 km/h
WYPADEK;O włos od tragedii - STOP AGRESJI DROGOWEJ
WYPADEK;Nietypowe zdarzenie drogowe w Koszalinie - 81-letnia kierująca hulajnogą elektryczną nie wyhamowała i uderzyła w ciężarówkę
WYPADEK;Spowodował zagrożenie bezpieczeństwa w ruchu drogowym - nie uniknął konsekwencji
WYPADEK;Szaleńcza ucieczka ulicami Piaseczna
WYPADEK;Ponad 1500 szkół w „Odblaskowej Szkole” 2025!
WYPADEK;Legniccy policjanci ustalili i zatrzymali sprawcę wypadku w Golance Dolnej, który uciekł z miejsca zdarzenia
WYPADEK;Wykorzystał korytarz życia do ucieczki, a później uderzył w radiowóz i inny pojazd - 41-latek bez uprawnień i z narkotykami
WYPADEK;Na wolnym zatrzymał pijanego kierowcę
WYPADEK;Nagłe wbiegnięcie psa na jezdnię to poważne zagrożenie bezpieczeństwa na drodze
WYPADEK;Potrącił ciężarną na przejściu dla pieszych
WYPADEK;„Ogólnopolski Policyjny Dzień Odblasków” –  inauguracja akcji „Świeć Przykładem – Noś Odblaski!”
WYPADEK;14-latek za kierownicą forda
WYPADEK;11-latek na hulajnodze zatrzymany na drodze krajowej
WYPADEK;11-latek potrącony na przejściu dla pieszych
WYPADEK;Pomylił drogę z torem wyścigowym - strzeleccy policjanci zakończyli rajd 26-latka
WYPADEK;Urządzili sobie wyścigi na drodze publicznej
WYPADEK;Kompletnie pijany z zakazem prowadzenia pojazdów jechał autostradą
WYPADEK;Policjanci rozliczyli kierowcę rażącego wykroczenia
WYPADEK;Włamanie do samochodu, ucieczka po alkoholu i narkotyki
WYPADEK;Czujne oko policjantów doprowadziło do wyeliminowania z ruchu kolejnych piratów drogowych
WYPADEK;Z policjantem ruchu drogowego - podcast
WYPADEK;Policjanci pilotowali do szpitala samochód z dzieckiem, które dostało ataku duszności
WYPADEK;Uciekał na hulajnodze elektrycznej przed policjantami
WYPADEK;Nieodpowiedzialny motocyklista zatrzymany przez dolnośląskich policjantów
WYPADEK;Przekroczyli prędkość - stracili prawa jazdy
WYPADEK;Sezon zakończył utratą prawa jazdy - motocyklista jechał 108 km/h przez miejscowość
WYPADEK;Tragiczny bilans weekendu - wypadki z udziałem motocyklistów
WYPADEK;191km/h na liczniku. Policja mówi STOP - 5000 zł mandatu dla recydywisty
WYPADEK;Konsekwencje dla kierowców łamiących przepisy
WYPADEK;22 września - Dzień Bez Samochodu
WYPADEK;VIII Międzynarodowe szkolenie z bezpiecznej jazdy motocyklem dla służb mundurowych w Salzburgu
WYPADEK;Finał XXXV Ogólnopolskiego Konkursu „Policjant Ruchu Drogowego” – uroczyste zakończenie
WYPADEK;Pościg białostockimi ulicami - 41-latek zatrzymany
WYPADEK;Zawracali w tunelu na ekspresówce – szybko ponieśli surowe konsekwencje swojego skrajnie niebezpiecznego zachowania
WYPADEK;90 km/h na hulajnodze. Policyjny pościg za nastolatkiem w Koszalinie
WYPADEK;Zaproszenie dla mediów na uroczysty Finał XXXV Ogólnopolskiego Konkursu „Policjant Ruchu Drogowego” oraz ślubowanie nowych policjantów
WYPADEK;Trzeci dzień zmagań o tytuł najlepszego policjanta ruchu drogowego w kraju
WYPADEK;Drugi dzień konkursu o tytuł najlepszego policjanta drogówki w kraju
WYPADEK;Nietrzeźwy kierowca bmw zatrzymany w Jednorożcu - obywatel Bangladeszu zostanie wydalony z Polski
WYPADEK;Nietrzeźwy kierowca sam przyjechał do komendy
WYPADEK;Wpadł z gigantyczną kontrabandą - trafił do aresztu
WYPADEK;Przekroczyli prędkość - stracili prawa jazdy
WYPADEK;Pierwszy dzień zmagań w ogólnopolskim konkursie o tytuł najlepszego policjanta drogówki w kraju
WYPADEK;Spowodował wypadek po alkoholu i uciekł. 23-latek objęty dozorem policyjnym
WYPADEK;Policjant po służbie zatrzymał pijanego kierowcę
WYPADEK;Stop agresji drogowej
WYPADEK;25-letni obywatel Ukrainy spowodował wypadek pod wpływem alkoholu - został deportowany
WYPADEK;Kierował autem pod działaniem narkotyków i zaatakował policjantów. 31-latek usłyszał zarzuty
WYPADEK;ROADPOL SAFETY DAYS 2025. Bezpieczeństwo zaczyna się od nas samych
WYPADEK;Uroczyste rozpoczęcie Finału XXXV Ogólnopolskiego Konkursu Policjant Ruchu Drogowego
WYPADEK;Pijany rowerzysta potrącił dziecko w wózku, a pijany ojciec z dzieckiem podróżował
WYPADEK;Potrącenie na przejściu dla pieszych w Złotoryi. Policjanci apelują o ostrożność!
WYPADEK;Pamiętaj, życie masz tylko jedno! MISTRZU, ZWOLNIJ
WYPADEK;Jechała znacznie za szybko - swoją podróż zakończyła dachowaniem
WYPADEK;Twoja reakcja ma znaczenie. Stop agresji drogowej
WYPADEK;Pościg za kierowcą fiata, który nie zatrzymał się do kontroli i stwarzał zagrożenie dla bezpieczeństwa w ruchu drogowym
WYPADEK;Brawurową jazdę zakończył wjeżdżając w budynek
WYPADEK;Ogólnopolski konkurs „Odblaskowa szkoła 2025 - rozpoczęty
WYPADEK;Toyota warta ponad 130 tys. zł odzyskana. Za kierownicą poszukiwany 51-latek
WYPADEK;Nocne działania Policji dla bezpieczeństwa na drogach
WYPADEK;Ogólnopolska Kampania „Mistrzu, Zwolnij” kolejny raz w Małopolsce
WYPADEK;Mundurowy w czasie wolnym ujął pijanego kierowcę
WYPADEK;Śląska Policja wykorzystuje drony do walki z piratami drogowymi. Setki wykroczeń w zaledwie pięć miesięcy
WYPADEK;Straciła prawo jazdy za potrącenie rowerzysty
WYPADEK;15-latek na crossie uciekał przed policjantami
WYPADEK;Policjanci obserwowali z drona zachowanie kierujących hulajnogami
WYPADEK;Zarzut sprowadzenia niebezpieczeństwa katastrofy w komunikacji dla kierującego z autostrady A4
WYPADEK;Pędził ponad 200 km/h - szaleńczą jazdę przerwali policjanci piaseczyńskiej drogówki
WYPADEK;Konkurs „Najlepszy Młody Kierowca” 2025
WYPADEK;Konkurs „Najlepszy Młody Kierowca” 2025
WYPADEK;14-latek pędził hulajnogą elektryczną 38,5 km/h – sprawą zajmuje się Policja
WYPADEK;Czołowe zderzenie hulajnogi elektrycznej z samochodem - apelujemy o ostrożność!
WYPADEK;14 kierowców przekroczyło „pięćdziesiątkę” w obszarze zabudowanym
WYPADEK;O krok od tragedii na drodze
WYPADEK;Zwalniaj przy szkołach !
WYPADEK;Bezpieczna droga do szkoły
WYPADEK;Bezpieczna droga do szkoły – Policja apeluje o ostrożność
WYPADEK;Kolizja z radiowozem i 7 tysięcy mandatu – pościg za 32-latkiem na hulajnodze
WYPADEK;Uciekał, bo nie miał prawa jazdy
WYPADEK;„Zapuść żurawia” – inauguracja akcji społecznej śląskiej drogówki i Tramwajów Śląskich
WYPADEK;Miał na liczniku 214 km/h. Okazało się, że kolejny raz przekroczył prędkość
WYPADEK;Kierował hulajnogą elektryczną bez uprawnień i za przyzwoleniem rodzica
WYPADEK;Alkohol i zakaz… mogło skończyć się tragicznie
WYPADEK;Wrocławscy policjanci zatrzymali pirata drogowego po pościgu - podejrzany uciekał autostradą i polami uprawnymi
WYPADEK;Korytarz życia tylko dla służb ratunkowych!
WYPADEK;Kolejna nieodpowiedzialna jazda kierującego pojazdem ciężarowym
WYPADEK;Tragiczny wypadek na autostradzie A4 - na miejscu zginął pieszy
WYPADEK;Myśl Głową – Noś Kask
WYPADEK;1000 złotych mandatu dla kierującego hulajnogą elektryczną
WYPADEK;Wypadek na drodze S7 - zderzenia pojazdu ciężarowego z autobusem
WYPADEK;Rajd pirata drogowego po centrum miasta. Policjanci zatrzymali mu prawo jazdy i skierowali sprawę do sądu
WYPADEK;Rowerem po ekspresówce? To zły kierunek!
WYPADEK;Pijany kierowca staranował sygnalizator
WYPADEK;Tragiczny wypadek w Opaleńcu - nie żyją cztery osoby
WYPADEK;Kierowca z zakazem sądowym śmiertelnie potrącił pieszego i uciekł
WYPADEK;Policja zatrzymała 47-latka po tragicznym potrąceniu pieszych na Marymonckiej
WYPADEK;Kolejne groźne zdarzenia z hulajnogami elektrycznymi – policja kontynuuje działania prewencyjne
WYPADEK;Tragiczny wypadek na drodze krajowej 42 - apelujemy o ostrożność!
WYPADEK;Bezpieczne powroty z sierpniowego długiego weekendu – jedźmy z rozwagą, wróćmy z dobrymi wspomnieniami
WYPADEK;Działania „Bezpieczny Jednoślad” na drogach województwa lubelskiego
WYPADEK;Bezpieczna jazda hulajnogą elektryczną
WYPADEK;Śmiertelny wypadek w Puławach. Nie żyje 13-letnia rowerzystka
WYPADEK;Piesi muszą czuć się bezpiecznie na drodze
WYPADEK;84-latka potrącona na przejściu przez motocyklistę
WYPADEK;Niebezpieczne przejażdżki na hulajnogach - interwencje myślenickich policjantów
WYPADEK;Bezpieczny długi weekend sierpniowy - zwolnij, zanim będzie za późno!
WYPADEK;We właściwym miejscu i czasie – na służby można liczyć w każdej sytuacji
WYPADEK;Pędził ekspresówką ponad 200 km/h
WYPADEK;Kierowcy utworzyli wzorowy „korytarz życia” na S3
WYPADEK;Policjant po służbie pomógł poszkodowanym w wypadku drogowym
WYPADEK;Groźne zdarzenia z hulajnogami elektrycznymi – policja apeluje o ostrożność
WYPADEK;Niebezpieczna jazda na Rondzie Solidarności – wysoki mandat dla kierowcy Mercedesa
WYPADEK;Podsumowanie działań e-Hulajnoga, e-Rower na mazowieckich drogach
WYPADEK;2 promile alkoholu, narkotyki i rajd przez Sarbinowo. Zatrzymany został chwilę po potrąceniu matki z dzieckiem i ucieczce z miejsca zdarzenia. Został tymczasowo aresztowany!
WYPADEK;Przed nami ciepłe dni oraz dalekie trasy – zdejmij nogę z gazu i zadbaj o bezpieczeństwo
WYPADEK;Niebezpieczna jazda motocyklisty zakończona mandatem i 26 punktami karnymi
WYPADEK;Policyjne działania na S7 z udziałem śmigłowca
WYPADEK;Widzisz? Reaguj! Policjanci interweniowali wobec pilota pod wpływem alkoholu
WYPADEK;Odpowiednia prędkość, rozwaga, ostrożność – na motocyklu tylko bezpiecznie
WYPADEK;Jechał z uszkodzoną naczepą – policjanci zatrzymali dowód rejestracyjny i ukarali 33-latka mandatem
WYPADEK;Kolejne groźne zdarzenie z udziałem rowerzysty
WYPADEK;Stop Agresji Drogowej
WYPADEK;Śląscy policjanci zabezpieczają IV i V etap wyścigu kolarskiego 82. Tour de Pologne UCI World Tour
WYPADEK;(Nie)trzeźwy poniedziałek na podlaskich drogach
WYPADEK;Zarzuty w sprawie wypadku drogowego na ulicy Bielskiej
WYPADEK;Groźne zdarzenie z udziałem rowerzystki
WYPADEK;Tymczasowy areszt dla kierowcy quada po tragicznym wypadku w Myszkowie
WYPADEK;Nic tam nie wycinałem, sądziłem, że nada trochę dźwięku - kolejne efekty policyjnych działań pn. „Ciche Miasto 2025”
WYPADEK;Stołeczni policjanci przeprowadzili kontrole jednośladów z napędem elektrycznym
WYPADEK;Podsumowanie IRONMAN 70.3 w Krakowie
WYPADEK;141 km/h w zabudowanym i ucieczka przed policją
WYPADEK;Policjanci z Wydziału Ruchu Drogowego trzebnickiej komendy uratowali życie mężczyzny na drodze ekspresowej S5
WYPADEK;Policjanci ze Szczecina udaremnili próbę przemytu migrantów
WYPADEK;Dynamiczne zatrzymanie kierowcy w powiecie oleśnickim. Mężczyzna zignorował policjantów, bo miał ku temu kilka powodów
WYPADEK;Tragiczny wypadek na Drodze Gdyńskiej. 27-latek trafił do aresztu
WYPADEK;Pościg drogą ekspresową w powiecie trzebnickim zakończony zatrzymaniem 43-latka
WYPADEK;Prawo jazdy miał tylko 4 dni. 18-latek jadący 126 km/h w terenie zabudowanym zatrzymany do kontroli
WYPADEK;Policyjne działania „Bezpieczna Mikromobilność” na drogach Warmii i Mazur
WYPADEK;Kolejne zderzenie samochodu z pociągiem w tym tygodniu. Kierowco - zachowaj szczególną ostrożność podczas zbliżania się do przejazdów kolejowych!
WYPADEK;Kolejne niebezpieczne zdarzenia z udziałem hulajnóg elektrycznych. Apel o rozwagę i przestrzeganie przepisów
WYPADEK;Policjantka po służbie zatrzymała nietrzeźwego kierowcę
WYPADEK;Odpowiedzą za uszkodzenie wału przeciwpowodziowego
WYPADEK;Niebezpieczny manewr na DK20 - kierowca ukarany wysokim mandatem
WYPADEK;Podniebne kontrole opolskiego ruchu drogowego z udziałem śmigłowca
WYPADEK;58-latka potrąciła rowerzystę i uciekła. Chwilę później była już w rękach policjantów
WYPADEK;BMW wjechało w rozpędzony pociąg. Kierowca i pasażerka cudem uniknęli obrażeń
WYPADEK;Wyprzedził inny pojazd na przejściu dla pieszych - okazało się, że kierował wbrew sądowemu zakazowi prowadzenia pojazdów mechanicznych
WYPADEK;Pchał samochód do dziewczyny a trafił do policyjnej celi
WYPADEK;Najtragiczniejszy weekend tego roku na śląskich drogach. Apelujemy o rozwagę
WYPADEK;Kask to nie żaden obciach ani trend w modzie. Kask to Twoje bezpieczeństwo!
WYPADEK;Potrącenie druhny OSP przez nietrzeźwego motocyklistę
WYPADEK;4 promile i pasażerowie na „pace”
WYPADEK;Wypadek śmiertelny na drodze ekspresowej S7
WYPADEK;Tragiczna sobota na śląskich drogach. Życie straciły 4 osoby. Dwukrotnie ogłoszono #CzarnyAletrDrogowy
WYPADEK;#czarnyalertdrogowy – śmiertelny wypadek w Mikołowie
WYPADEK;Policyjny śmigłowiec nad A2 – wakacyjne bezpieczeństwo pod szczególnym nadzorem
WYPADEK;Dwa groźne wypadki z udziałem rowerzystów – apelujemy o ostrożność
WYPADEK;„W rytmie bezpiecznych dróg” – pierwszy koncert II edycji seminarium dla młodzieży za nami
WYPADEK;Wypadki na hulajnogach elektrycznych. Apelujemy o ostrożność i przypominamy przepisy
WYPADEK;Policjant w czasie wolnym zatrzymał nietrzeźwego kierowcę
WYPADEK;Rażące naruszenie przepisów ruchu drogowego. 45-latka zatrzymana przez trzebnickich policjantów
WYPADEK;Śmiertelne żniwo na śląskich drogach od początku wakacji. Apelujemy o rozwagę
WYPADEK;Rowerzysto, zwolnij! I nie zapominaj o kasku!
WYPADEK;Niebezpieczne manewry wyprzedzania pod lupą bydgoskiej „drogówki” na trasie S5
WYPADEK;16 000 kierowców skontrolowanych jedego dnia. Działania Trzeźwość na Warmii i Mazurach
WYPADEK;Policjanci dbają o bezpieczeństwo niechronionych uczestników ruchu drogowego
WYPADEK;Niebezpieczne zdarzenie z udziałem dziecka na rowerze - 12-latek wjechał wprost pod koła ciężarówki
WYPADEK;Prawo jazdy od miesiąca i wyprzedzanie na czołówkę
WYPADEK;Hulajnoga nie wybacza błędów. Nie przeHULAJ zdrowia
WYPADEK;Cofała korytarzem życia na drodze ekspresowej – została ukarana mandatem
WYPADEK;Będąc po służbie zatrzymali nietrzeźwego 67-latka
WYPADEK;Policjantem jest się zawsze, nawet na urlopie. Wyszkowski funkcjonariusz zatrzymał kompletnie pijanego sprawcę kolizji
WYPADEK;Stop Agresji Drogowej
WYPADEK;Nieodpowiedzialna jazda na hulajnodze elektrycznej po drodze krajowej
WYPADEK;Nieodpowiedzialne zachowanie młodych mężczyzn – reakcja policjantów z grupy SPEED i stanowczy wyrok sądu
WYPADEK;Policjant po służbie zatrzymał nietrzeźwego kierowcę - szybka reakcja zapobiegła tragedii
WYPADEK;Nie mają wolnego od reagowania na łamanie przepisów
WYPADEK;Zjechał na parking..... schodami
WYPADEK;Niebezpieczne zdarzenia z udziałem hulajnóg elektrycznych - policjanci apelują o zachowanie rozsądku i przestrzeganie przepisów
WYPADEK;Nie przeHULAJ bezpieczeństwa – akcja piaseczyńskiej drogówki wymierzona w lekkomyślnych użytkowników hulajnóg elektrycznych
WYPADEK;Uwaga kierowcy! Zmiana organizacji ruchu na przejściu granicznym w Świecku
WYPADEK;Niebezpieczne zdarzenia z udziałem hulajnóg elektrycznych. Apel o rozwagę i przestrzeganie przepisów
WYPADEK;Taksówkarz pędził 106 km/h w terenie zabudowanym
WYPADEK;Policjant czujny po służbie
WYPADEK;Policja wspiera bezpieczeństwo najmłodszych
WYPADEK;Pirat drogowy „pędził” z prędkością 257 km/h!
WYPADEK;Pijany jechał na zakazie w kradzionym samochodzie. 31-latek błyskawicznie zatrzymany
WYPADEK;Śląscy policjanci w drodze na szkolenie zatrzymali nietrzeźwego kierowcę
WYPADEK;186 km/h drogą ekspresową bez uprawnień– szaleńczą jazdę motocyklisty przerwali policjanci z gryfickiej drogówki
WYPADEK;Pomagamy i chronimy - dwaj policjanci z KGP w czasie wolnym od służby udzielili pomocy kobiecie
WYPADEK;Zdecydowanie za szybko
WYPADEK;Policjanci kontynuują działania „Drift-Stop”
WYPADEK;Piesza potrącona na przejściu – policjanci wyjaśniają okoliczności zdarzenia drogowego
WYPADEK;15-latek zatrzymany w Radomiu za przekroczenie prędkości hulajnogą elektryczną. Bezpieczeństwo na hulajnogach elektrycznych
WYPADEK;Poszukiwany, nie zatrzymał się do kontroli, uciekał i dachował - 30-latek zatrzymany przez koluszkowskich kryminalnych
WYPADEK;Policja kontra nielegalne wyścigi - skuteczne działania w powiecie pruszkowskim
WYPADEK;Nietrzeźwy kierowca zatrzymany dzięki czujności policjanta po służbie
WYPADEK;Kolejny raz dolnośląscy policjanci weryfikowali legalność przewoźników świadczących usługi transportu osób
WYPADEK;Brak rozwagi za kierownicą mógł skończyć się tragicznie. Policja apeluje o ostrożność!
WYPADEK;Jechał pod prąd drogą ekspresową
WYPADEK;Policjant po służbie zatrzymał nietrzeźwego kierującego, a ten chciał mu wręczyć łapówkę
WYPADEK;Niebezpieczny manewr na przejściu dla pieszych
WYPADEK;Nietrzeźwy kierowca zatrzymany po pościgu na autostradzie
WYPADEK;Szczęście w nieszczęściu – apelujemy o rozwagę na drodze
WYPADEK;Pijany z dwoma zakazami prowadzenia pojazdów uciekał przed policjantami
WYPADEK;Autobus znalazł się na przejeździe między rogatkami
WYPADEK;Pędził drogą krajową ponad 200 km/h - nagrał to wideorejestrator
WYPADEK;Kurs na aplikację mobilną z narkotykami w puszce
WYPADEK;Spiesząc się na trening pędziła 100 km/h w obszarze zabudowanym – zobacz video!
WYPADEK;Policjantka pułtuskiej drogówki po służbie ujęła nietrzeźwego kierowcę
WYPADEK;Zatrzymany przy granicy - odpowie za szereg przestępstw
WYPADEK;Bezpieczniej na śląskich drogach - podsumowanie pierwszego półrocza 2025 roku
WYPADEK;Rzucił w radiowóz butelką z łatwopalną cieczą - 3 miesiące aresztu dla młodego mężczyzny
WYPADEK;Bezpieczną podróż na wakacje policjanci zapewniają także przy użyciu drona
WYPADEK;Hulajnoga elektryczna to nie zabawka!
WYPADEK;Stanowcza reakcja gostynińskiej drogówki. 10 tysięcy złotych mandatu i 51 punktów karnych dla pirata drogowego
WYPADEK;Bezpieczniej na polskich drogach w pierwszym półroczu 2025 roku
WYPADEK;Miał 198 km/h na liczniku i sądowy zakaz prowadzenia pojazdów
WYPADEK;Stracił prawo jazdy, bo nieprawidłowo wyprzedzał i spowodował kolizję
WYPADEK;Stop agresji drogowej! Zarzuty dla agresywnego kierowcy
WYPADEK;Jest bezpieczniej - policjanci podsumowali pierwsze półrocze na drogach Warmii i Mazur
WYPADEK;Działania opolskich policjantów w sprawie zachowania kierującego na autostradzie A4
WYPADEK;Wjechał autem do rowu - gdy pijany kierowca próbował z niego wyjechać, został zatrzymany przez policjanta będącego w czasie wolnym od służby
WYPADEK;Śmiertelnie potrącił i uciekł. Policjanci zatrzymali 31-letniego kierującego
WYPADEK;Podsumowanie działań Jednośladem bezpiecznie do celu
WYPADEK;Nawet w czasie wolnym - w trosce o bezpieczeństwo. Policjantka z drogówki zatrzymała pijanego kierowcę
WYPADEK;Policyjny pościg przez dwa powiaty zakończony zatrzymaniem nietrzeźwego kierowcy
WYPADEK;Policyjna akcja przeciwko brawurze
WYPADEK;Koniec roku szkolnego mógł okazać się tragiczny. Niebezpieczna jazda zakończona zatrzymaniem
WYPADEK;7-letni chłopiec bez opieki wjechał rowerem pod samochód
WYPADEK;Dziś prowadzimy akcję - „Jednośladem bezpiecznie przez wakacje”
WYPADEK;ZAPNIJ PASY - poczuj uścisk bezpieczeństwa
WYPADEK;Policyjna Mapa Wypadków Drogowych ze Skutkiem Śmiertelnym - Wakacje 2025
WYPADEK;Bezpieczne wakacje 2025
WYPADEK;Pierwsze zatrzymania pseudokibiców podejrzanych o udział w pobiciu
WYPADEK;Policyjny pościg za nietrzeźwym kierującym
WYPADEK;Policjanci kontrolują autokary, by dzieci mogły bezpiecznie dotrzeć do celu
WYPADEK;Przed nami okres wakacyjnych podróży - dolnośląscy policjanci niezmiennie mówią stanowcze Stop agresji drogowej
WYPADEK;Uciekał na motocyklu przed policją – sprawą zajmie się sąd rodzinny
WYPADEK;Wsiadł za kierownicę pomimo 9 aktywnych zakazów prowadzenia pojazdów
WYPADEK;Kierowca z dożywotnim zakazem prowadzenia pojazdów usłyszał wyrok w trybie przyspieszonym
WYPADEK;#STOP Agresji Drogowej! Ta brawurowa jazda mogła skończyć się źle!
WYPADEK;Nietrzeźwy pędził 182 km/h krajową „siódemką”
WYPADEK;Policjant w czasie wolnym od służby zatrzymał nietrzeźwego kierującego
WYPADEK;Potrącił nastolatka i odjechał. Policjanci ustalili kierującego, który stanie przed sądem
WYPADEK;Zdecydowana reakcja policjanta po służbie - nietrzeźwy kierowca zatrzymany, zanim doszło do tragedii
WYPADEK;Tragiczne wypadki i wzmożone kontrole - policjanci apelują o ostrożność na drogach
POLITYKA;Nowy sondaż: KO nadal na czele. PiS nie ma większości bez dwóch Konfederacji
POLITYKA;Karol Nawrocki zaproszony przez Donalda Trumpa do Rady Pokoju
POLITYKA;Jak dyscyplinuje Grzegorz Braun. Partii nie można krytykować nawet po odejściu
POLITYKA;Pojedynek na listy w Polsce 2050. Co proponują kandydatki?
POLITYKA;Michał Kolanko: Czy konflikty w Polsce 2050 doprowadzą do powstania Czwartej Drogi?
POLITYKA;Jacek Sasin o Grenlandii: Nie egzaltować się, że jakiś mały kraj ma problemy
POLITYKA;Reforma PIP nadal w grze. Co zmieniło się po burzy z przełomu roku?
POLITYKA;Prof. Leszek Balcerowicz: Zamiast happy endu będzie zderzenie ze ścianą
POLITYKA;Sondaż: To prezydenckie weto ma więcej zwolenników niż przeciwników
POLITYKA;Sondaż: Co czwarty Polak chce Konfederacji Korony Polskiej w przyszłym Sejmie
POLITYKA;Nieoficjalnie: Szymon Hołownia chce powtórki całych wyborów na przewodniczącego Polski 2050
POLITYKA;Sondaż. Koalicja Obywatelska przed Prawem i Sprawiedliwością, Konfederacja ucieka Konfederacji
POLITYKA;Dezintegracja centrum problemem dla Tuska, Ziobro nieustającym zmartwieniem PiS
POLITYKA;Ruch Włodzimierza Czarzastego. Chce odebrać Zbigniewowi Ziobrze diety
POLITYKA;Kancelaria Sejmu zadbała o to, by posłom siedziało się wygodniej. Będzie oparcie na nogi
POLITYKA;Pierwsze pół roku prezydentury Karola Nawrockiego. Jak Polacy ocenili jego pracę?
POLITYKA;Europoseł KO: Trzymamy kciuki za opozycję na Węgrzech
POLITYKA;Ziobro trzyma partię Kaczyńskiego w szachu. PiS nie może odciąć się od wiceprezesa
POLITYKA;Więcej kontrowersji wokół wizyty Nawrockiego na Jasnej Górze. Neofaszystowska symbolika
POLITYKA;Sondaż: Wiemy, jak Polacy oceniają prośbę Zbigniewa Ziobry o azyl na Węgrzech
POLITYKA;Kto jest liderem prawicy? Jarosław Kaczyński dzieli pierwsze miejsce
POLITYKA;Donald Tusk: Operacja militarna USA na Grenlandii? Nie można niczego wykluczyć
POLITYKA;Donald Tusk odpowiedział Donaldowi Trumpowi. „Wszyscy doskonale o tym wiedzą”
POLITYKA;Mateusz Morawiecki: Sprawie Zbigniewa Ziobry poświęca się za dużo miejsca
POLITYKA;Tomasz Siemoniak: Chcemy rozmawiać z prezydentem. Nie czuję z jego strony złej woli
POLITYKA;Tomasz Siemoniak o fali cyberataków na polskie instytucje: odwieczny pojedynek tarczy i miecza
POLITYKA;Jarosław Kaczyński szuka kandydata na premiera. Chce rozegrać Konfederację?
POLITYKA;Zbigniew Ziobro na Węgrzech. Używa ChatGPT, by wyjaśnić, dlaczego nie wraca
POLITYKA;Fogiel o azylu Ziobry: Żurek fantazjuje o przywożeniu kogoś w bagażniku
POLITYKA;Polska 2050 zwróci się do ABW. „Zewnętrzna próba ingerencji”
POLITYKA;Karol Nawrocki ujawnił, o czym rozmawiał z Keirem Starmerem. „Bardzo dobre spotkanie”
POLITYKA;Gwiezdne wojny Sławomira Mentzena. Dlaczego nazywa partie, kierując się tytułami filmowej sagi?
POLITYKA;Głosowanie w drugiej turze na przewodniczącą Polski 2050 unieważnione
POLITYKA;PiS chce zbudować nowy port morski. Padła nazwa
POLITYKA;Wstrząs w Polsce 2050. Czy Szymon Hołownia wróci jednak do gry?
POLITYKA;Sondaż: Jak powinna zmienić się Unia Europejska? Poznaliśmy zdanie Polaków
POLITYKA;Pomysły na bezpieczeństwo lekowe Polski. „Możemy zacząć prace”
POLITYKA;Marcin Mastalerek: Ci, którzy śmieją się ze Zbigniewa Ziobry, też będą prosić o azyl
POLITYKA;Emocjonalny list Szymona Hołowni do członków Polski 2050. „Obudziły się w nas demony”
POLITYKA;Co z polityką migracyjną? Polacy odpowiedzieli, czy chcą zaostrzenia
POLITYKA;Dlaczego Zbigniew Ziobro tak długo ukrywał, że dostał azyl? Chodzi o posiedzenie aresztowe
POLITYKA;Morawiecki: Ziobro z azylem na Węgrzech? Nie jestem zaskoczony
POLITYKA;Sondaż: Polacy zmęczeni sporem na linii prezydent–premier. Mówią jednym głosem
POLITYKA;Jerzy Surdykowski: Weto prezydenta do DSA. Czy nie lepiej przecie pisać to w klozecie?
POLITYKA;Były wiceminister z PiS szokuje: „Polska finansuje terroryzm”
POLITYKA;Polska 2050 wybiera przewodniczącego. Ryszard Petru ujawnił wyniki
POLITYKA;Donald Tusk odpowiada na deklarację Jarosława Kaczyńskiego. „Bez Brauna? Nie ma szans”
POLITYKA;Czy Donald Trump weźmie Grenlandię siłą? Były wiceszef MSZ ma wątpliwości
POLITYKA;Jarosław Kaczyński odcina się od Grzegorza Brauna. „Przekroczył granice nieprzekraczalne”
POLITYKA;Jacek Nizinkiewicz: Zgody Karola Nawrockiego z Donaldem Tuskiem nie ma. Ale jedna osoba może ich pogodzić
POLITYKA;„Żywność z Ameryki Płd. nie odpowiada standardom”. Kaczyński reaguje na umowę UE–Mercosur
POLITYKA;Tusk ws. PIP zaryzykował wojnę klasową, Kaczyński chce restartu w PiS
POLITYKA;Bogusław Chrabota: Zwolennicy umowy z Mercosurem wygrali. Komu należy pogratulować?
POLITYKA;Premier Donald Tusk o umowie z Mercosur: Ktoś nie dowiózł
POLITYKA;Donald Tusk po spotkaniu z Karolem Nawrockim: W tych sprawach jesteśmy tego samego zdania
POLITYKA;Po spotkaniu Donalda Tuska z Karolem Nawrockim. Czego dotyczyła rozmowa?
POLITYKA;Aleksandra Pilarczyk: To nie rolnicy powinni protestować przeciw umowie z Mercosurem, ale europejscy konsumenci
POLITYKA;Sprawa zdjęć opublikowanych przez ministra Dariusza Klimczaka. Jest stanowisko ABW
POLITYKA;Gen. Mirosław Różański: to nie Polska byłaby „głównym daniem” Putina
POLITYKA;Były polityk PO: Grzegorz Braun to dla Donalda Tuska idealny straszak
POLITYKA;Kto zostanie nowym szefem Polski 2050? Stawka większa niż kierowanie partią
POLITYKA;Nie udało się ze Ślązakami, uda z Grekami? Państwo może uznać kolejną mniejszość narodową
POLITYKA;Czego będzie dotyczyć delikatne spotkanie w cztery oczy Donalda Tuska z Karolem Nawrockim
POLITYKA;„Rzecz w tym”: Donald Tusk wściekły na własną reformę. Kto wysadził PIP w powietrze?
POLITYKA;Nowy sondaż partyjny. KO wygrywa, ale traci większość w Sejmie
POLITYKA;Barbara Nowacka: Otoczenie prezydenta go kompromituje. Na końcu to jego podpis się pojawia
POLITYKA;Kulisy klubu PiS. Jarosław Kaczyński odcina się od współpracy z Grzegorzem Braunem
POLITYKA;Wiceminister: Potrzebny podpis prezydenta, by Polska miała start do platform cyfrowych
POLITYKA;Prezes PiS: Muszą wrócić do władzy ci, którzy już się sprawdzili
POLITYKA;Sondaż: Czy Polacy wierzą w możliwość współpracy Nawrockiego z Tuskiem?
POLITYKA;Marcin Przydacz mówi o spotkaniu Donalda Tuska z Karolem Nawrockim. Wskazał datę
POLITYKA;Kłopoty Brauna na TikToku. Platforma usuwa treści europosła
POLITYKA;Nowy sondaż: Na kogo głosowaliby Polacy? W kropce i Donald Tusk, i Jarosław Kaczyński
POLITYKA;Szczyt „koalicji chętnych” w Paryżu. Donald Tusk: Za wcześnie na optymistyczne komunikaty
POLITYKA;Powstaną nowe partie, które zagrożą Konfederacji i wypełnią pustkę po partii Szymona Hołowni
POLITYKA;Przemysław Czarnek: Porównania Trumpa z Putinem? Kłamstwo z pobudek demonicznych
POLITYKA;„Tu są warianty wojenne, nie ma części wspólnych”. Grzegorz Schetyna o relacjach rządu z prezydentem
POLITYKA;Czy Morawiecki odejdzie z PiS? Jarosław Kaczyński ma problem z byłym premierem
POLITYKA;Bosak o zatrzymaniu Maduro: Iluzje liberalnych instytucji nie rządzą
POLITYKA;Sondaż: Czy Polacy uważają Niemcy za zagrożenie dla Polski?
POLITYKA;„Mocne uderzenie”. Starcie polskich polityków w komentarzach dotyczących uderzenia USA w Wenezueli
POLITYKA;Sondaż: Polityczny zwycięzca 2025 roku w Polsce? Karol Nawrocki z ogromną przewagą
POLITYKA;Co wywołało awanturę o reformę PIP? Znamy kulisy wydarzeń na obradach rządu
POLITYKA;Sześć pytań o 2026 rok w polskiej polityce. Od pokoju na Ukrainie do polexitu
POLITYKA;Pierwszy sondaż w nowym roku: Co trzeci Polak głosuje na KO
POLITYKA;Bogusław Chrabota: Pojedynek na noworoczne orędzia. Polska między Karolem Nawrockim i Donaldem Tuskiem
POLITYKA;Minister o ataku zimy: Nie zawsze da się szybko eliminować skutki żywiołu
POLITYKA;Orędzie noworoczne premiera. Donald Tusk mówi o „roku przełomu”
POLITYKA;Najważniejsze wydarzenia w polskiej polityce 2026 r. Co nas czeka w nowym roku?
POLITYKA;Noworoczne orędzie Karola Nawrockiego. „Potrzebna jest zmiana
POLITYKA;Kto wygra „wojnę o pokój”? Donald Tusk i Karol Nawrocki szykują nowy pojedynek w 2026 r.
POLITYKA;Epicka rekonstrukcja rządu, maślarze i udany żart Tuska. Polityczny alfabet 2025 roku
POLITYKA;Rok 2025 w obiektywie. Te obrazy zapadną nam w pamięć
POLITYKA;Karol Nawrocki zawetuje ustawę o statusie osoby najbliższej? Szef jego gabinetu wyjaśnia
POLITYKA;Przeanalizowaliśmy, czym zajmował się Sejm w 2025 r. Debata pod dyktando algorytmów
POLITYKA;Wzrosła waga ochrony zdrowia. To dziś element bezpieczeństwa państwa
POLITYKA;Sondaż: Polacy ocenili polityków. Kto zebrał najgorsze oceny?
POLITYKA;Donald Tusk o rozmowach pokojowych: Wojna może się szybko zakończyć
POLITYKA;Michał Płociński: Polityczne sterowanie kulturą. To ma być ta liberalna normalność?
POLITYKA;Estera Flieger: Polska może uprawiać lepszą politykę historyczną niż Niemcy
POLITYKA;Kosiniak-Kamysz i Siemoniak wnioskują o spotkanie z prezydentem. Próba zakończenia konfliktu?
POLITYKA;Kontrowersyjna decyzja minister kultury, w środowisku muzealników wrze
POLITYKA;Największy wygrany i przegrany 2025 roku. Dr Oczkoś wskazuje nazwiska
POLITYKA;Władysław Kosiniak-Kamysz: Bez Polski nie ma misji stabilizacyjnej na Ukrainie
POLITYKA;Bronisław Komorowski: Szykuje się przyznanie Putinowi sukcesu w wojnie na Ukrainie
POLITYKA;Jak partie chcą ratować system ochrony zdrowia w Polsce
POLITYKA;Pięciu przegranych i pięciu wygranych w polskiej polityce. Subiektywny ranking roku Jacka Nizinkiewicza
POLITYKA;Sondaż: Czy Zbigniew Ziobro powinien wrócić do Polski? Znamy zdanie Polaków
POLITYKA;Czy samolot spadł po wybuchu gaśnicy? Bliscy polskich ofiar nadal walczą o prawdę
POLITYKA;Kto dziś „zawładnął wyobraźnią Polaków”? Szef IBRiS wskazuje
POLITYKA;Sondaż: Z którym politykiem Polacy najchętniej spędziliby święta?
POLITYKA;Karol Nawrocki i Radosław Sikorski – naturalni rywale w walce o prezydenturę
POLITYKA;Nowy sondaż. Złe wieści dla koalicji rządzącej, partia Grzegorza Brauna czwartą siłą
POLITYKA;Eksperci od dezinformacji oceniają wpisy Tuska o cenach benzyny. „Manipulacja”
POLITYKA;Sikorski pisze o Grenlandii. To reakcja na decyzję Donalda Trumpa
POLITYKA;Premier pokazuje zdjęcie z benzyną za 5,18 zł. Rzecznik: Ja tankowałem za 5,24 zł
POLITYKA;Grzegorz Braun rośnie w siłę. Czy dwie Konfederację będą w stanie rządzić samodzielnie?
POLITYKA;Sondaż: Decyzja o przeniesieniu okrągłego stołu nie polaryzuje Polaków
POLITYKA;„Dla niego władza jest celem”, mówi o Donaldzie Tusku Kamil Dziubka, autor książki Kierownik
POLITYKA;Sondaż: Jak Polacy oceniają możliwość powstania rządu PiS i partii Grzegorza Brauna?
POLITYKA;„Dwie wizje” w PiS. Michał Dworczyk potwierdza, że w PiS „toczy się dyskusja”
POLITYKA;Kto byłby najlepszym prezesem PiS? Ankietowani nie wskazali Jarosława Kaczyńskiego
POLITYKA;Marta Nawrocka wchodzi do gry. Żona prezydenta będzie jak Jolanta Kwaśniewska?
POLITYKA;Wigilia w bańkach. Czy podział pokoleniowy rozbije świąteczny stół?
POLITYKA;Polski orzeł po nowemu. Ruszyły prace nad zmianami w symbolach państwowych
POLITYKA;Nowy rok, nowy konkurs. Ale czy nowy prezes IPN?
POLITYKA;Sondaż poparcia partii politycznych. Lider się umacnia. Przepychanka Konfederacji
POLITYKA;Fundacja Grzegorza Brauna nie będzie mogła się starać o 1,5 proc. podatku
POLITYKA;Nowy sondaż: Kto chce Polexitu? Wyborcy PiS przed Konfederacją
POLITYKA;Sondaż: Czy partia Grzegorza Brauna powinna zostać zdelegalizowana?
POLITYKA;Nawrocki ocenił, że w relacji z Ukraińcami nie czujemy się jak partnerzy. Co na to Polacy?
POLITYKA;Kto był największym wygranym i przegranym 2025 roku. Polacy wskazali w sondażu
POLITYKA;Sondaż: Polacy wskazali lidera polskiej prawicy. Kaczyński przegrywa z Nawrockim
POLITYKA;Tusk do Zełenskiego: Jesteś bohaterem nie tylko w Ukrainie, ale także w Polsce
POLITYKA;Wzrosło ryzyko rozłamu w PiS, Nawrocki gra na polaryzację, CBOS psuje nastroje KPRM
POLITYKA;Patryk Jaki krytykuje pomysł ludzi Morawieckiego. „Absurd, nie zgadza się z matematyką”
POLITYKA;Wołodymyr Zełenski w Polsce. Karol Nawrocki: Dobra informacja dla Warszawy, zła – dla Moskwy
POLITYKA;Kolejne miliardy z UE dla Ukrainy. Donald Tusk: Polska nie będzie dopłacała do tego przedsięwzięcia
POLITYKA;Setki tysięcy złotych z PiS dla mediów Tomasza Sakiewicza
POLITYKA;Kowal: Rosja dąży do wyprodukowania żelaznego człowieka, by prowadzić przyszłą wojnę
POLITYKA;Sondaż: Rośnie niezadowolenie z rządu Donalda Tuska
POLITYKA;Okrągły Stół znika z Pałacu Prezydenckiego. Nawrocki: Dziś skończył się w Polsce postkomunizm
POLITYKA;Estera Flieger: Komu podziękować za transformację
POLITYKA;Prof. Andrzej Nowak: Jeśli PiS wygra w 2027 roku, to będzie moment na zmianę pokoleniową
POLITYKA;Ustawa łańcuchowa. Sejm podjął decyzję w sprawie prezydenckiego weta. Jak głosowali posłowie?
POLITYKA;O co i z kim walczy Adam Glapiński? Znamy kulisy konfliktu w NBP
POLITYKA;Nowy ranking zaufania: Karol Nawrocki na czele, Jarosław Kaczyński jak Grzegorz Braun
POLITYKA;Czy Wołodymyr Zełenski wystąpi w Sejmie? Włodzimierz Czarzasty o ustaleniach
POLITYKA;Tomasz Trela: Najgorzej byłoby ustępować Karolowi Nawrockiemu
POLITYKA;Czarnek: Partie na prawo od PiS mają 20 proc. poparcia, potrzebujemy nowego programu
POLITYKA;Prace ekshumacyjne na Ukrainie. Ministra kultury: Nie ma żadnych blokad
POLITYKA;Zuzanna Dąbrowska: Krzysztof Bosak przestrzega, Robert Bąkiewicz uprzejmie donosi
POLITYKA;Jaka ma być Polska 2050? Walka o przywództwo, kierunek i miejsce w koalicji
POLITYKA;Prof. Dudek zwrócił się do Tuska. „Jak się nie da, to powinien pan się podać do dymisji”
POLITYKA;Będą zmiany dotyczące bezpłatnych leków dla seniorów i dzieci. Resort mówi o „racjonalizacji”
POLITYKA;Była kandydatka na prezydenta chce do Sejmu. Sąd zarejestrował partię Joanny Senyszyn
POLITYKA;Szczyt Wschodniej Flanki. Przyjęta deklaracja wskazuje Rosję jako największe zagrożenie
POLITYKA;Konflikt w PiS. Politycy partii reagują na atak Jacka Kurskiego
POLITYKA;Tomasz Trela: Włodzimierzowi Czarzastemu należy się szacunek od Adriana Zandberga
POLITYKA;Rekordowe nakłady na ochronę zdrowia to wciąż za mało? Eksperci o ustawie budżetowej
POLITYKA;Czarzasty przewodniczącym Nowej Lewicy. Zandberg: Wybrali przeszłość
POLITYKA;Sondaż: Sikorski premierem zamiast Tuska? Znamy zdanie Polaków
POLITYKA;Nawrocki: Tusk przestał być szanowanym graczem, dziś szkodzi bardziej niż Braun
POLITYKA;Nowa Lewica wybrała nowe władze. Włodzimierz Czarzasty wygrał głosowanie
POLITYKA;Prezydent Zełenski przyleci do Polski. Potwierdził datę wizyty
POLITYKA;Spór Tusk–Nawrocki paraliżuje państwo? Polacy wydali jednoznaczny werdykt
POLITYKA;Sondaż: Jak Polacy oceniają korzystanie z prawa weta przez Karola Nawrockiego?
POLITYKA;Architektura władzy Donalda Tuska. Jak premier zbudował nowy system rządzenia państwem?
POLITYKA;Jarosław Kaczyński: PiS przygotował projekt zmian w ochronie zdrowia
POLITYKA;Rzecznik rządu: PiS z Konfederacją i Braunem u władzy to najgorszy scenariusz dla Polski
POLITYKA;Co musi poprawić Donald Tusk? O to zapytano wyborców różnych partii
POLITYKA;Święta u polityków. Pałac bez Chanuki, Sejm bez szopki
POLITYKA;Strategia USA kolejnym tematem, który dzieli PiS. Na dwulecie rządu – dobre nastroje w KO
POLITYKA;Kaczyński został zapytany o spory w PiS. „To pytanie do pana Morawieckiego”
POLITYKA;Potrzebne nowe źródła finansowania ochrony zdrowia. Będzie reforma w KRUS?
POLITYKA;Nowy sondaż: KO na czele, sześć partii w Sejmie
POLITYKA;Będzie reforma systemu ochrony zdrowia? Znamy propozycje PSL
POLITYKA;Jacek Nizinkiewicz: Pięć zagrożeń i pięć szans dla koalicji Donalda Tuska po dwóch latach rządów
POLITYKA;Sondaż: Jak wyborcy po dwóch latach oceniają Donalda Tuska w roli premiera?
POLITYKA;Prezes OTOZ Animals: To błąd Jarosława Kaczyńskiego, jego wyborcy przecież też lubią psy
POLITYKA;Jacek Nizinkiewicz: Decyzja Włodzimierza Czarzastego cieszy Tuska, Kwaśniewskiego i... partię Razem
POLITYKA;„Rzecz w tym”: Jakie podziały naprawdę rządzą polską polityką?
POLITYKA;Włodzimierz Czarzasty zdecydował, który wicemarszałek Sejmu jest najważniejszy
POLITYKA;Nowy sondaż: Najwięcej zyskuje PiS, katastrofa PSL i Polski 2050
POLITYKA;Polska 2050 wybierze nowego przewodniczącego. Zawalczy siedmiu kandydatów
POLITYKA;Włodzimierz Czarzasty wystartuje w wyborach na przewodniczącego Nowej Lewicy
POLITYKA;Karol Nawrocki: Europa pogrążona w chaosie. Trump mówi to, czego Zachód nie chciał słyszeć
POLITYKA;Ryszard Petru pytany o zmianę premiera: Gdyby notowania spadały jest potrzeba zmiany
POLITYKA;Dwa lata rządów Donalda Tuska. Polacy mówią, jak im się żyje i czego oczekują
POLITYKA;Lewica idzie na całość i składa radykalną reformę systemu ochrony zdrowia
POLITYKA;Demonstranci zagłuszali Jarosława Kaczyńskiego przed pomnikiem smoleńskim. Nazwał ich zbrodniarzami
POLITYKA;Spotkanie Karola Nawrockiego z Wołodymyrem Zełenskim. Kancelaria Prezydenta wskazała miejsce
POLITYKA;Polskie myśliwce MiG-29 dla Ukrainy. Kosiniak-Kamysz: „Chcemy to sfinalizować jak najszybciej”
POLITYKA;Liberum veto w KPO: jedni nie mają nic, inni dostali 1,4 mln zł za 7 wniosków
POLITYKA;Bogusław Chrabota: Nawrocki przegra z łańcuchem?
POLITYKA;Jacek Czaputowicz: Nieoczekiwany sojusz prezydenta Nawrockiego i Konferencji Ambasadorów RP
POLITYKA;Sondaż. Tylko cztery partie w Sejmie. Ugrupowanie Grzegorza Brauna mocno w górę
POLITYKA;Szymon Hołownia podjął decyzję w kwestii wyborów na szefa Polski 2050
POLITYKA;Zuzanna Dąbrowska: Jarosław Kaczyński chce przyszponcić z młodzieżą
POLITYKA;Jarosław Kaczyński traci posłuch w PiS. Podzielonej partii przybywa problemów
POLITYKA;Donald Tusk: Rząd przyjmie ponownie projekt ustawy o kryptowalutach
POLITYKA;Dlaczego NIK sfinansował delegację Jakuba Banasia na Białoruś?
POLITYKA;Karol Nawrocki zawetował tzw. ustawę łańcuchową. Wiemy, jak oceniają to Polacy
POLITYKA;Nowy sondaż partyjny: Zmiany w nastrojach. Na kogo swój głos oddaliby Polacy?
POLITYKA;Europoseł Polski 2050: Niewytłumaczalne, że Polski nie ma przy rozmowach pokojowych
POLITYKA;Jacek Gawryszewski: Afera podsłuchowa była możliwa z powodu ego polityków
POLITYKA;Reforma PIP: Gra o miliardy z KPO, decydującą rolę odegra PiS?
POLITYKA;PiS chce przekonać młodzież. Partia Kaczyńskiego odwołuje się do pomysłu Charliego Kirka
POLITYKA;Kaczyński mówi, że PiS będzie chciał przekonywać do siebie głosujących na Brauna
POLITYKA;Jacek Sasin: Donald Tusk wpędza nas w izolację, jesteśmy w potężnej opresji
POLITYKA;Czy Karol Nawrocki zawetuje rekordową liczbę ustaw? Historia prezydenckich wet w III RP
POLITYKA;Nowy sondaż: KO wyraźnie przed PiS. Jakiej koalicji Polacy nie chcą?
POLITYKA;Kolejna przepychanka słowna Sikorski-Musk? „Leć na Marsa”
POLITYKA;22 mln wyświetleń. Tusk bije rekordy w serwisie X
POLITYKA;Ćwiek-Świdecka: Lepsza łata niż reforma. Kto odważy się naprawić polską ochronę zdrowia?
POLITYKA;Karol Nawrocki w rocznicę powstania Radia Maryja: Głosiciel prawdy, jedności i wierności
POLITYKA;Dokumenty Aleksandra Kwaśniewskiego trafiły do archiwum. Gdzie będzie można je zobaczyć?
POLITYKA;Donald Tusk: Tak długo, jak KO będzie u władzy, Polska będzie bezpieczna
POLITYKA;Sejm nie odrzucił weta Nawrockiego. Tusk: To bardzo dziwnie wygląda
POLITYKA;Zdrowie już wybuchło rządowi w rękach, co z 2027? Nawrocki kontra psy na łańcuchach
POLITYKA;Żurek zdradził szczegóły z tajnej części posiedzenia Sejmu? „To przestępstwo”
POLITYKA;Sejm nie odrzucił weta prezydenta Karola Nawrockiego. Kto jak głosował?
POLITYKA;Oświadczenie Zbigniewa Ziobry: zdecydowałem się oprzeć bezprawiu
POLITYKA;Zbigniew Ziobro opuścił Węgry. Radosław Sikorski: sam sobie gra na nosie
POLITYKA;Minister zdrowia: Składka zdrowotna już nie wystarcza na finansowanie ochrony zdrowia
POLITYKA;Estera Flieger: Gambit Donalda Tuska w Berlinie
POLITYKA;Szara eminencja Sejmu. Kim jest myśliwy, któremu ufają wszyscy marszałkowie?
POLITYKA;Najnowszy sondaż partyjny. Poparcie tracą i KO i PiS, zyskuje Konfederacja
POLITYKA;Premier Donald Tusk chce utajnić posiedzenie Sejmu. Zwrócił się do marszałka Czarzastego
POLITYKA;Dr Bonikowska: Odkąd Trump jest prezydentem, Rosja uwierzyła, że może wygrać wojnę
POLITYKA;Wiceminister finansów w rządzie PiS usłyszał zarzuty. Miał przyjąć ponad 1,5 mln zł łapówek
POLITYKA;Krzysztof Bosak: Głosowali za ustawą, a teraz popierają weto? Nie czytają ustaw lub nie mają poglądów
POLITYKA;Polska chce dołączyć do G20. Marco Rubio zapowiedział zaproszenie od USA
POLITYKA;Rząd zablokował aukcję artefaktów związanych z Holokaustem. Podobne można kupić na Allegro
POLITYKA;Komisja Etyki Poselskiej podjęła decyzję ws. Kaczyńskiego. Prezes PiS z kolejną naganą
POLITYKA;Waldemar Żurek: Grzegorz Braun jest jak osiedlowy bandzior. Nie uniknie odpowiedzialności
POLITYKA;„Rzecz w tym”: Tusk kontra Berlin. Jak Polacy wyemancypowali się z wpływu Niemiec
POLITYKA;Ministerstwo Zdrowia bez wsparcia koalicjantów. Czy jego szefowa pożegna się z resortem?
POLITYKA;Zuzanna Dąbrowska: Norki wygrały z psami
POLITYKA;Sławomir Mentzen: Jarosław Kaczyński wywołał wojnę, na której zyskał Grzegorz Braun
POLITYKA;Ustawa łańcuchowa. Sejm spróbuje odrzucić weto prezydenta
POLITYKA;Grzegorz Schetyna: Amerykanie nie chcą rozmawiać z prezydentem Karolem Nawrockim
POLITYKA;Lewica chce likwidacji składki zdrowotnej. Proponuje nowy podatek
POLITYKA;Zadośćuczynienie dla polskich ofiar wojny. Co proponowały Niemcy?
POLITYKA;Karol Nawrocki zawetował ustawę, za którą głosował Jarosław Kaczyński
POLITYKA;Marcin Przydacz o zadośćuczynieniach od Niemiec: Donald Tusk chce przyjmować na siebie odpowiedzialność
POLITYKA;Donald Tusk zapowiada ponowne przyjęcie ustawy o rynku kryptowalut. „Szansa dla prezydenta”
POLITYKA;Adrian Zandberg: Weta Karola Nawrockiego są z ducha balcerowiczowskie
POLITYKA;Rząd będzie miał swój szczyt medyczny. Jest odpowiedź na ruch Karola Nawrockiego
POLITYKA;Czarzasty: Nie lepiej powiedzieć prezydentowi „nie dawaj ustaw, z których się śmieją?”
POLITYKA;Kolejny dobry sondaż dla Karola Nawrockiego. Spora jest grupa niezdecydowanych
POLITYKA;PiS rozrywany najgłębszymi konfliktami od lat. Ale słowo na „R” jeszcze nie pada
POLITYKA;Reparacje. Kaczyński oburzony deklaracją Tuska. „Aż nie chce się wierzyć!”
POLITYKA;Michał Szułdrzyński: Orbán, Putin i Konfederacja. Dlaczego decyzja prezydenta Nawrockiego była słuszna
POLITYKA;Dymisja w rządzie. Odchodzi wiceszef MSWiA
POLITYKA;Niebezpieczne związki Mariana Banasia. Wystąpił w kanale oskarżonego o szpiegostwo
POLITYKA;Waldemar Żurek o Zbigniewie Ziobrze: Jest w pułapce i robi dobrą minę do złej gry
POLITYKA;Rafał Trzaskowski dał podwyżki swoim pracownikom. Ile można zarobić w urzędzie?
POLITYKA;Zbadano podejście do Tuska i Nawrockiego. Komu bardziej ufają Polacy?
POLITYKA;Marta Cienkowska, minister kultury: Mamy przełom w relacjach z Niemcami
POLITYKA;Bogusław Chrabota: Mateusz Morawiecki już poza PiS?
POLITYKA;Nawrocki jednak nie spotka się z Orbánem w Budapeszcie. Podano powód
POLITYKA;Brak asertywności wobec Niemiec będzie zwycięstwem prawicy
POLITYKA;Sondaż: Nawrocki czy Trzaskowski? Wiemy, na kogo teraz postawiliby Polacy
POLITYKA;Sondaż. Druga kadencja Karola Nawrockiego? Stała linia podziału wśród Polaków
POLITYKA;Partia Razem rusza w Polskę. Jaki ma plan na gospodarkę?
POLITYKA;Jesienne przebudzenie Donalda Tuska. Dlaczego KO deklasuje PiS w sondażach?
POLITYKA;Patryk Jaki: trudno mi sobie wyobrazić politykę zagraniczną w rządzie z Konfederacjami. Obiema
POLITYKA;Sondaż: Spada zaufanie do prezydenta Karola Nawrockiego
POLITYKA;Powrót SLD. Działacze z okresu świetności Sojuszu wracają do władzy
POLITYKA;Radosław Sikorski: Prezydent nie jest upoważniony do mówienia w imieniu całej Polski
POLITYKA;Sondaż. Koalicja Obywatelska na prowadzeniu, ale rządzić by mogła koalicja opozycji
POLITYKA;Michał Szułdrzyński: Jak Jarosław Kaczyński Grzegorza Brauna wyhodował
POLITYKA;Senatorowie nie będą musieli przepraszać. Nie będzie rewolucji w regulaminie izby
POLITYKA;Ambasador Ukrainy: Nie wolno rosyjskich zbrodniarzy puszczać ponownie w cywilizowany świat
POLITYKA;Nowy sondaż: KO na czele, najszybciej rośnie poparcie dla partii Grzegorza Brauna
POLITYKA;Odmowa prezydenta Karola Nawrockiego. Nie przyznał orderów i odznaczeń w służbach specjalnych
POLITYKA;PiS chce bić się z Konfederacją o młodych
POLITYKA;„Rzecz w tym”: Co naprawdę mówią sondaże? Polaryzacja, Nawrocki i gra o 2027 rok
POLITYKA;Trzęsienie ziemi w kierownictwie NIK. Dwóch nowych wiceprezesów. Znamy nazwiska
POLITYKA;Zuzanna Dąbrowska: Kto się zajmie bezpieczeństwem Polski?
POLITYKA;Grzegorz Schetyna o prezydencie Nawrockim: Buduje radykalne zaplecze na prawo od PiS
POLITYKA;Kulisy działania Funduszu Sprawiedliwości. Ujawniono e-maile Marii Kurowskiej
POLITYKA;Michał Dworczyk: Ukraina przegrywa wojnę. Dlaczego Rosja miałaby przyjąć plan pokojowy?
POLITYKA;Joanna Mucha: Trzecia Droga to był zły pomysł, powinniśmy od razu startować sami
POLITYKA;Ambasador Izraela w MSZ. Poinformowano o przebiegu rozmowy
POLITYKA;Karol Nawrocki przedstawił swoją wizję Unii Europejskiej. Jest reakcja Radosława Sikorskiego
POLITYKA;Krzysztof Bosak: Stworzono miraż o pozycji Polski. Można zawrzeć uzgodnienia bez naszego udziału
POLITYKA;Sondaż zaufania IBRiS: Karol Nawrocki blisko rekordowego wyniku
POLITYKA;Marcin Matczak przyciąga tłumy. Czy tata Maty chce być prezydentem?
POLITYKA;Rap Janusza Korwin-Mikkego bez konsekwencji. Nie odpowie za „szatkowanie socjalistów”
POLITYKA;Sondaż: Czy Polska 2050 powinna otrzymać tekę wicepremiera? Polacy odpowiedzieli
POLITYKA;Wydział Konwojowy na posiedzeniu ws. Ziobry. Chodzi o natychmiastowe wykonanie decyzji sądu?
POLITYKA;Donald Tusk: Część z 28 punktów Donalda Trumpa nie do zaakceptowania
POLITYKA;Ugrupowanie Brauna potencjalnym koalicjantem PiS-u? „Kaczyński dziś o tym nie powie”
POLITYKA;Czym będzie „marszałkowskie weto”. Europosłanka Lewicy wyjaśnia
POLITYKA;Prawdziwa walka o Polskę 2050. Stawka większa niż fotel szefa partii
POLITYKA;Plan Trumpa dla Ukrainy niebezpieczny dla Polski. Prezydent i rząd chcą zmian
POLITYKA;Bogusław Chrabota: Grzegorz Braun profanuje Auschwitz - Birkenau
POLITYKA;Sondaż: Czy Włodzimierz Czarzasty będzie lepszym marszałkiem niż Szymon Hołownia?
POLITYKA;Między młotem a kowadłem. Resort zdrowia w swoim pierwszym wielkim kryzysie
POLITYKA;Napięcie na linii Kaczyński-Nawrocki? Powodem prawa zwierząt
POLITYKA;Pierwsze orędzie marszałka Sejmu Włodzimierza Czarzastego: To będą dwa lata dobre dla Polski
POLITYKA;Debata o dywersji na zwykłych torach, PiS w coraz większej pułapce trumpizmu
POLITYKA;Nowy sondaż: KO powiększa przewagę nad PiS
POLITYKA;Dywersja na kolei. Szef MON: Zabrakło informacji od strony ukraińskiej
POLITYKA;„Jeszcze nam tusz zabierz”. Zandberg komentuje decyzję Czarzastego
POLITYKA;Polski ambasador zaatakowany w Rosji
POLITYKA;Radni podnieśli pensję Rafałowi Trzaskowskiemu. „To nagroda za brak pracy dla miasta”
POLITYKA;Kaczyński o ataku na polskiego ambasadora: Retorsje, ale nie bicie ambasadora Rosji
POLITYKA;Otrzymali milion złotych z programu „Willa plus”. Dworek wystawiono na sprzedaż
POLITYKA;Joanna Mucha: Polska 2050 za dużo straciła na współpracy z PSL. Sami mogliśmy osiągnąć lepszy wynik
POLITYKA;Nowy sondaż: Koalicja Obywatelska ucieka PiS-owi
POLITYKA;Rządowe stypendium, a potem status uchodźcy. Jak Polska pomogła rosyjskim szpiegom
POLITYKA;Wykładziny o strukturze runa i meble odporne na odciski palców. Wiemy, jak zmieni się hotel sejmowy
POLITYKA;Reakcja rządu na dywersję. Rusza operacja „Horyzont”
POLITYKA;Jacek Nizinkiewicz: Włodzimierz Czarzasty jak kot. Ma dziewięć żyć i zawsze spada na cztery łapy
POLITYKA;Kpił z Jana Pawła II, został prawą ręką marszałka. Co oznacza reaktywacja Siwca
POLITYKA;Kancelaria Prezydenta odpowiada Radosławowi Sikorskiemu. „Proszę się opamiętać”
POLITYKA;Włodzimierz Czarzasty przedstawił skład Kancelarii. I zakazał sprzedaży alkoholu w Sejmie
POLITYKA;Radosław Sikorski o wysadzeniu torów: To akt terroru państwowego
POLITYKA;Kluzik-Rostkowska: Drugi etap wojny hybrydowej. Może dojść np. do zamachu na polityka
POLITYKA;Tusk kontynuuje kosztujący miliardy program Morawieckiego. Chodzi o emigrantów
POLITYKA;Sikorski odpowiada rzecznikowi Kremla. „Słowo rusofobia jest ciekawe”
POLITYKA;Akty dywersji na kolei: Czy polski rząd odpowiednio zareagował? „Jakby nic się nie stało”
POLITYKA;Sondaż: Czarzasty powinien zostać marszałkiem Sejmu? Wiemy, co uważają Polacy
POLITYKA;Bronisław Komorowski: Pierwszemu obywatelowi RP zarzuca się sutenerstwo, a drugi ma rys aferalny
POLITYKA;Włodzimierz Czarzasty nowym marszałkiem Sejmu. Jest pierwszy komentarz Nawrockiego
POLITYKA;Co planuje Donald Tusk na wybory 2027? Kulisy wyjazdowego posiedzenia klubu KO
POLITYKA;„Rzecz w tym”: „Faszyści z partii Razem”. Kto zawłaszczył patriotyzm? Bitwa o symbole na lewicy
POLITYKA;W Senacie rotacji nie było. Małgorzata Kidawa-Błońska marszałkiem do końca kadencji
POLITYKA;Sejm zagłosował. Szymon Hołownia został wicemarszałkiem Sejmu
POLITYKA;Donald Tusk: Ustaliliśmy sprawców aktu dywersji na kolei
POLITYKA;Sejm wybiera nowego marszałka. Kto zastąpi Szymona Hołownię? Faworytem Włodzimierz Czarzasty
POLITYKA;Sejm wybrał Włodzimierza Czarzastego na marszałka. Kto jak głosował?
POLITYKA;Bronisław Komorowski: Głosowanie na Włodzimierza Czarzastego to rzecz wątpliwa moralnie
POLITYKA;Władysław Kosiniak-Kamysz apeluje, by go naśladować. Wspomina o „filmikach na TikToku”
POLITYKA;Akt dywersji na polskiej kolei. Były szef MSWiA: Kierują służby rosyjskie
POLITYKA;Od Sejmfliksa po zaprzysiężenie Nawrockiego. Bilans marszałka Hołowni nie wypada najgorzej
POLITYKA;Alfabet marszałków Sejmu. Jakie hasła dopisze do niego Włodzimierz Czarzasty?
POLITYKA;Tajemnica prezentów dla Karola Nawrockiego. Czego prezydent nie chce ujawnić?
POLITYKA;Włodzimierz Czarzasty będzie skrzydłowym Donalda Tuska? Koniec miękkiej gry w Sejmie
POLITYKA;Jerzy Surdykowski: Bez optymizmu patrzę na szanse Donalda Tuska
POLITYKA;Uszkodzone tory w woj. mazowieckim. Tusk: Potwierdziły się najgorsze przypuszczenia
POLITYKA;Sondaż: Czy Zbigniew Ziobro może liczyć w Polsce na uczciwy proces? Wiemy, co sądzą Polacy
POLITYKA;Prokuratorskie zarzuty dla Mariana Banasia nie kończą sprawy. Co jeszcze grozi byłemu prezesowi NIK?
POLITYKA;PSL stawia na modernizację i inwestycje. Metro w 10 miastach pomoże im wejść do Sejmu?
POLITYKA;Jarosław Kaczyński o Ziobrze: Będziemy go bronić. W wielu sprawach miał rację
POLITYKA;Sondaż: Prezydent odmawia nominacji sędziów i oficerów wywiadu. Jak oceniają to Polacy?
POLITYKA;PSL wybrało nowe władze ugrupowania. Kto został prezesem i szefem Rady Naczelnej?
POLITYKA;Mirosław Żukowski: Cyniczna gra futbolem
POLITYKA;Władysław Kosiniak-Kamysz zapowiada samodzielny start PSL w wyborach
POLITYKA;Grożono prezydentowi Nawrockiemu. Autor gróźb zatrzymany
POLITYKA;Bogusław Chrabota: Race na Narodowym. Czy pan prezydent zabierze głos?
POLITYKA;Prokuratura pozbawia Marcina Romanowskiego polskiego paszportu. To samo czeka Zbigniewa Ziobrę
POLITYKA;Sondaż: Wiemy, jak Polacy oceniają pozostanie Zbigniewa Ziobry na Węgrzech
POLITYKA;Karol Nawrocki podsumował 100 dni swojej prezydentury. „Nie oszczędzałem się”
POLITYKA;100 dni konfliktu Tusk–Nawrocki – Kaczyński z boku, Hołownia szuka nowej drogi
POLITYKA;Nieoficjalnie: Karol Nawrocki chce znów zwołać Radę Gabinetową
POLITYKA;Sąd zarejestrował partię Wadima Tyszkiewicza. Czy ma szansę namieszać po liberalnej stronie?
POLITYKA;„Bo przegracie wojnę”. Donald Tusk ostrzega władze Ukrainy w sprawie korupcji
POLITYKA;Donald Tusk o Karolu Nawrockim: Nie jestem zaskoczony, ale jest mi przykro
POLITYKA;Szymon Hołownia na krótkiej liście kandydatów na komisarza ONZ
POLITYKA;Przemysław Wipler: Wolelibyśmy, żeby Donald Tusk szkodził Niemcom niż Polsce
POLITYKA;Prof. Szymon Ossowski: Karol Nawrocki ma dwa cele, chce być „Tuskiem po prawej stronie”
POLITYKA;Marek Sawicki: Prezydent bardzo mocno odwdzięcza się  PiS za wsparcie w kampanii
POLITYKA;Sondaż. Większość zadowolona z Karola Nawrockiego po pierwszych 100 dniach prezydentury
POLITYKA;Karol Nawrocki – nowy lider obozu prawicowego. Czy Jarosław Kaczyński jest zagrożony?
POLITYKA;„Psiecka nie zastąpią dziecka”. Bosak: Nie szkalować posiadania dzieci
POLITYKA;Szymon Hołownia: Wicemarszałek z PiS? Zagłosowałbym za Markiem Suskim
POLITYKA;Szymon Hołownia: Podpisałem rezygnację z funkcji marszałka Sejmu
POLITYKA;Ostatnie dni partii Sławomira Mentzena. Nową Nadzieję czeka delegalizacja
POLITYKA;Po decyzji Karola Nawrockiego Tomasz Siemoniak chwali współpracę z Andrzejem Dudą
POLITYKA;Matysiak wyrzucona z Razem. Zandberg: Nie ma wiele do komentowania
POLITYKA;Parlament Europejski podjął decyzję w sprawie immunitetu Grzegorza Brauna
POLITYKA;Senator KO o braku nominacji dla 46 sędziów: To nie jest sytuacja zero-jedynkowa
POLITYKA;Szymon Hołownia, symbol polaryzacji. Tak w sondażu ocenili go Polacy
POLITYKA;Marek Jurek: Marszałek Hołownia przejdzie do historii jako ten, który zapobiegł zamachowi stanu
POLITYKA;Paulina Matysiak skreślona z listy członków partii Razem. Posłanka odpowiada
POLITYKA;Lider zespołu, którego muzyk występuje w hitlerowskim mundurze, odznaczony
BRAK_ZDARZENIA;Astronomowie zaobserwowali narodziny nowej gwiazdy w konstelacji Oriona.
BRAK_ZDARZENIA;Naukowcy z Krakowa opracowali biodegradowalny zamiennik plastiku.
BRAK_ZDARZENIA;NASA przedłuża misję łazika na Marsie o kolejne dwa lata.
BRAK_ZDARZENIA;Nowy gatunek krewetki głębinowej odkryto w Rowi Mariańskim.
BRAK_ZDARZENIA;Sztuczna inteligencja bezbłędnie rozpoznaje rzadkie choroby genetyczne.
BRAK_ZDARZENIA;Przełomowe badania nad grafenem otwierają drogę do superfast-charging baterii.
BRAK_ZDARZENIA;Fizycy kwantowi przesłali informację na rekordową odległość.
BRAK_ZDARZENIA;Polska stacja polarna na Antarktydzie zaczyna letni sezon badawczy.
BRAK_ZDARZENIA;Teleskop Hubble'a sfotografował zderzenie dwóch odległych galaktyk.
BRAK_ZDARZENIA;Genetycy zsekwencjonowali genom rośliny odpornej na ekstremalne susze.
BRAK_ZDARZENIA;Nowoczesne drony pomagają w liczeniu populacji żubrów w puszczy.
BRAK_ZDARZENIA;Archeolodzy w Egipcie odkopali nietknięty grobowiec skryby.
BRAK_ZDARZENIA;Innowacyjna metoda filtrowania wody wykorzystuje łuski ryb.
BRAK_ZDARZENIA;Medycyna regeneracyjna: naukowcy wyhodowali tkankę serca w laboratorium.
BRAK_ZDARZENIA;Algorytm Google przewiduje strukturę tysięcy nieznanych białek.
BRAK_ZDARZENIA;Bałtyk skrywa tajemnice: wrak statku sprzed 300 lat w idealnym stanie.
BRAK_ZDARZENIA;Nowa teoria dotycząca czarnych dziur wywołuje dyskusję wśród fizyków.
BRAK_ZDARZENIA;Polscy studenci wygrali prestiżowe zawody robotyczne w USA.
BRAK_ZDARZENIA;Wpływ mikrograwitacji na wzrost sałaty: wyniki eksperymentu z ISS.
BRAK_ZDARZENIA;Jak działa pamięć? Nowe odkrycia neurobiologów z Oxfordu.
BRAK_ZDARZENIA;Paleontolodzy znaleźli szczątki gigantycznego ptaka na Nowej Zelandii.
BRAK_ZDARZENIA;Nowa aktualizacja systemu Windows poprawia bezpieczeństwo danych.
BRAK_ZDARZENIA;Technologia 6G: pierwsze udane testy prędkości w Japonii.
BRAK_ZDARZENIA;Badania DNA ujawniają pochodzenie pierwszych mieszkańców Skandynawii.
BRAK_ZDARZENIA;Ekologiczny beton pochłaniający CO2 przechodzi testy wytrzymałościowe.
BRAK_ZDARZENIA;Mikroskop elektronowy ukazał strukturę wirusa w niespotykanej rozdzielczości.
BRAK_ZDARZENIA;Polskie satelity naukowe trafią na orbitę w przyszłym roku.
BRAK_ZDARZENIA;Znaleziono sposób na recykling turbin wiatrowych.
BRAK_ZDARZENIA;Wirtualna rzeczywistość pomaga pacjentom w walce z lękiem wysokości.
BRAK_ZDARZENIA;Nowy lek na migrenę wykazuje wysoką skuteczność w testach klinicznych.
BRAK_ZDARZENIA;Pszczoły potrafią rozwiązywać proste zadania matematyczne.
BRAK_ZDARZENIA;Robot humanoidalny nauczył się parzyć kawę obserwując ludzi.
BRAK_ZDARZENIA;Geologowie badają podziemne jezioro pod lodowcem na Islandii.
BRAK_ZDARZENIA;Komputery kwantowe stają się coraz bardziej stabilne.
BRAK_ZDARZENIA;Nowoczesna uprawa wertykalna w sercu Warszawy dostarcza świeże zioła.
BRAK_ZDARZENIA;Eksperymentalna szczepionka na malarię daje nadzieję milionom osób.
BRAK_ZDARZENIA;Dlaczego niebo jest niebieskie? Edukacyjny wykład w planetarium.
BRAK_ZDARZENIA;Reaktor termojądrowy utrzymał plazmę przez rekordowy czas.
BRAK_ZDARZENIA;Jak zmienia się klimat? Raport naukowy z ostatnich 50 lat.
BRAK_ZDARZENIA;Inteligentne tkaniny monitorują tętno sportowców podczas biegu.
BRAK_ZDARZENIA;Chemicy stworzyli materiał twardszy od diamentu.
BRAK_ZDARZENIA;Odkryto najstarszy instrument muzyczny wykonany z kości mamuta.
BRAK_ZDARZENIA;Bioniczna proteza ręki pozwala czuć dotyk dzięki sensorom.
BRAK_ZDARZENIA;Programiści stworzyli język programowania oparty na języku naturalnym.
BRAK_ZDARZENIA;Ewolucja waleni: nowe dowody na lądowe pochodzenie wielorybów.
BRAK_ZDARZENIA;Solarne żagle mogą napędzać statki kosmiczne przyszłości.
BRAK_ZDARZENIA;Międzynarodowa konferencja matematyczna rozpoczęła się w Toruniu.
BRAK_ZDARZENIA;Czy istnieje życie pod lodem Enceladusa? Nowe dane z sondy.
BRAK_ZDARZENIA;Bioinformatyka pomaga w projektowaniu spersonalizowanych diet.
BRAK_ZDARZENIA;Fizyka cząstek elementarnych: czy odkryto piąte oddziaływanie natury?
BRAK_ZDARZENIA;Iga Świątek awansowała do półfinału wielkoszlemowego turnieju.
BRAK_ZDARZENIA;Reprezentacja Polski w siatkówce wygrała mecz z Brazylią.
BRAK_ZDARZENIA;Robert Lewandowski strzelił dwie bramki w derbach stolicy.
BRAK_ZDARZENIA;Maraton w Nowym Jorku ukończyło rekordowe 50 tysięcy biegaczy.
BRAK_ZDARZENIA;Nowy trener kadry skoczków ogłosił nazwiska na Turniej Czterech Skoczni.
BRAK_ZDARZENIA;Polscy szczypiorniści walczą o awans do mistrzostw świata.
BRAK_ZDARZENIA;Jeremy Sochan zanotował rekordową liczbę asyst w meczu NBA.
BRAK_ZDARZENIA;Wielka Krokiew w Zakopanem gotowa na przyjęcie kibiców.
BRAK_ZDARZENIA;Tour de Pologne przejedzie przez malownicze tereny Podkarpacia.
BRAK_ZDARZENIA;Mistrz świata w szachach obronił tytuł po dramatycznej partii.
BRAK_ZDARZENIA;Młody polski tenisista wygrał turniej rangi Challenger w Niemczech.
BRAK_ZDARZENIA;Stadion Narodowy będzie gościł finał europejskich pucharów.
BRAK_ZDARZENIA;Żużlowcy z Lublina zostali drużynowymi mistrzami Polski.
BRAK_ZDARZENIA;Polska lekkoatletka zdobyła srebrny medal w biegu na 400 metrów.
BRAK_ZDARZENIA;Formuła 1: nowy bolid Ferrari zachwyca wyglądem i osiągami.
BRAK_ZDARZENIA;Anita Włodarczyk wraca do treningów po krótkiej przerwie.
BRAK_ZDARZENIA;Kulisy transferu polskiego bramkarza do ligi angielskiej.
BRAK_ZDARZENIA;Mecz towarzyski z Niemcami zakończył się bezbramkowym remisem.
BRAK_ZDARZENIA;Reprezentacja kobiet w piłce ręcznej rozpoczyna zgrupowanie.
BRAK_ZDARZENIA;Polscy wioślarze wywalczyli kwalifikację na igrzyska olimpijskie.
BRAK_ZDARZENIA;Hubert Hurkacz zaserwował 20 asów w meczu z faworytem.
BRAK_ZDARZENIA;Legia Warszawa wygrywa ważne spotkanie na szczycie tabeli.
BRAK_ZDARZENIA;Nowe rekordy życiowe na mityngu lekkoatletycznym w Chorzowie.
BRAK_ZDARZENIA;Polscy alpiniści planują nową drogę na ośmiotysięcznik.
BRAK_ZDARZENIA;Juniorzy polskiej kadry bokserskiej wracają z medalami z ME.
BRAK_ZDARZENIA;Turniej golfowy w podwarszawskim klubie przyciągnął amatorów.
BRAK_ZDARZENIA;Skra Bełchatów wraca na zwycięską ścieżkę w lidze siatkówki.
BRAK_ZDARZENIA;Ewa Swoboda najszybsza na setkę podczas hali w Toruniu.
BRAK_ZDARZENIA;Polscy żeglarze płyną po złoto w klasie 49er.
BRAK_ZDARZENIA;Nowy system szkolenia młodzieży w polskim hokeju na lodzie.
BRAK_ZDARZENIA;Piłkarze ręczni Vive Kielce awansowali do Final Four.
BRAK_ZDARZENIA;Wielkie emocje w finale Pucharu Polski na stadionie w Lublinie.
BRAK_ZDARZENIA;Sztafeta 4x400 metrów z rekordem sezonu podczas mityngu.
BRAK_ZDARZENIA;Polscy koszykarze 3x3 pojadą na turniej do Paryża.
BRAK_ZDARZENIA;Rajdowe Mistrzostwa Polski: Kajetanowicz liderem po pierwszym etapie.
BRAK_ZDARZENIA;Nowoczesna hala sportowa została otwarta w Rzeszowie.
BRAK_ZDARZENIA;Ostatnia kolejka Ekstraklasy rozstrzygnie o tytule mistrza.
BRAK_ZDARZENIA;Polscy paraolimpijczycy zdominowali zawody w pchnięciu kulą.
BRAK_ZDARZENIA;Trener Rakowa Częstochowa podsumowuje rundę jesienną.
BRAK_ZDARZENIA;Zimowy Narodowy: ruszyło największe lodowisko w Polsce.
BRAK_ZDARZENIA;Jakub Błaszczykowski zakończył profesjonalną karierę piłkarską.
BRAK_ZDARZENIA;Mistrzostwa Polski w pływaniu: grad rekordów w Szczecinie.
BRAK_ZDARZENIA;Polscy szpadziści wygrali zawody Pucharu Świata w Paryżu.
BRAK_ZDARZENIA;Kulisy przygotowań do igrzysk: jak trenują polscy judocy?
BRAK_ZDARZENIA;Znamy trasę przyszłorocznego wyścigu kolarskiego po Tatrach.
BRAK_ZDARZENIA;Polscy siatkarze plażowi wchodzą do czołowej dziesiątki rankingu.
BRAK_ZDARZENIA;Młodzi piłkarze z akademii Lecha Poznań jadą na turniej do Turcji.
BRAK_ZDARZENIA;Krzysztof Włodarczyk szykuje się do kolejnej walki bokserskiej.
BRAK_ZDARZENIA;Reprezentacja Polski w rugby odniosła historyczne zwycięstwo.
BRAK_ZDARZENIA;Polska będzie współorganizatorem mistrzostw Europy w koszykówce.
BRAK_ZDARZENIA;Gwiezdne Wojny powracają na ekrany kin w nowej odsłonie.
BRAK_ZDARZENIA;Recenzja najnowszej wystawy w Zachęcie: czy warto ją zobaczyć?
BRAK_ZDARZENIA;Polski film dokumentalny zdobył uznanie na festiwalu w Cannes.
BRAK_ZDARZENIA;Znamy listę nominowanych do tegorocznych nagród literackich.
BRAK_ZDARZENIA;Koncert symfoniczny w Filharmonii Narodowej zachwycił publiczność.
BRAK_ZDARZENIA;Nowy album sanah bije rekordy popularności w serwisach streamingowych.
BRAK_ZDARZENIA;Historia polskiego jazzu: jak zmieniała się przez dekady?
BRAK_ZDARZENIA;Muzeum Narodowe otwiera nową galerię sztuki średniowiecznej.
BRAK_ZDARZENIA;Gwiazda Hollywood odwiedzi Warszawę przy okazji premiery filmu.
BRAK_ZDARZENIA;Najciekawsze premiery teatralne nadchodzącego sezonu.
BRAK_ZDARZENIA;Astronomowie odkryli nową planetę w ekosferze pobliskiej gwiazdy.
BRAK_ZDARZENIA;Jak sztuczna inteligencja wpłynie na nasze życie w ciągu dekady?
BRAK_ZDARZENIA;Polscy naukowcy pracują nad nową metodą oczyszczania wód.
BRAK_ZDARZENIA;Wielka migracja żurawi rozpoczęła się na bagnach Biebrzy.
BRAK_ZDARZENIA;Teleskop Jamesa Webba przesłał zdjęcia najstarszych galaktyk.
BRAK_ZDARZENIA;Nowy gatunek storczyka odkryty w lasach tropikalnych Amazonii.
BRAK_ZDARZENIA;Smartfony przyszłości: czy elastyczne ekrany to tylko moda?
BRAK_ZDARZENIA;Badania nad dnem oceanu ujawniają nieznane dotąd organizmy.
BRAK_ZDARZENIA;Wpływ medytacji na pracę mózgu – co mówią najnowsze analizy?
BRAK_ZDARZENIA;Robotyzacja w medycynie: przyszłość operacji chirurgicznych.
BRAK_ZDARZENIA;Reprezentacja Polski w siatkówce przygotowuje się do igrzysk.
BRAK_ZDARZENIA;Iga Świątek utrzymuje pierwsze miejsce w rankingu WTA.
BRAK_ZDARZENIA;Wielki finał turnieju tenisowego odbędzie się już w najbliższą niedzielę.
BRAK_ZDARZENIA;Robert Lewandowski trenuje indywidualnie przed nadchodzącym meczem.
BRAK_ZDARZENIA;Nowy stadion narodowy w Japonii zachwyca nowoczesną architekturą.
BRAK_ZDARZENIA;Polscy skoczkowie narciarscy rozpoczęli zgrupowanie w Zakopanem.
BRAK_ZDARZENIA;Historia najstarszych klubów piłkarskich w Europie.
BRAK_ZDARZENIA;Jak przygotować się do pierwszego maratonu? Poradnik dla biegaczy.
BRAK_ZDARZENIA;Kulisy pracy trenera kadry narodowej: wyzwania i sukcesy.
BRAK_ZDARZENIA;Turniej szachowy w Warszawie przyciągnął mistrzów z całego świata.
BRAK_ZDARZENIA;Nadchodzący weekend przyniesie ochłodzenie i przelotne opady.
BRAK_ZDARZENIA;Jesień w polskich lasach: gdzie szukać najlepszych miejsc na spacer?
BRAK_ZDARZENIA;Jak dbać o rośliny doniczkowe w okresie zimowym?
BRAK_ZDARZENIA;Wzrost zainteresowania zdrowym odżywianiem wśród młodych Polaków.
BRAK_ZDARZENIA;Przepis na tradycyjną polską szarlotkę od mistrza cukiernictwa.
BRAK_ZDARZENIA;Ranking najbezpieczniejszych miast na świecie dla turystów.
BRAK_ZDARZENIA;Zmiana czasu na zimowy: czy to już ostatni raz w Europie?
BRAK_ZDARZENIA;Modne trendy w urządzaniu wnętrz na nadchodzący rok.
BRAK_ZDARZENIA;Jak radzić sobie ze stresem w pracy biurowej?
BRAK_ZDARZENIA;Najpiękniejsze trasy rowerowe wzdłuż wybrzeża Bałtyku.
BRAK_ZDARZENIA;Rozpoczęcie roku akademickiego na największych polskich uczelniach.
BRAK_ZDARZENIA;Nowe zasady rekrutacji do szkół ponadpodstawowych w 2024 roku.
BRAK_ZDARZENIA;Historia warszawskich kamienic: tajemnice ukryte w murach.
BRAK_ZDARZENIA;Dzień otwarty w remizie strażackiej przyciągnął rodziny z dziećmi.
BRAK_ZDARZENIA;Raport o stanie czytelnictwa w Polsce: czy czytamy więcej?
BRAK_ZDARZENIA;Jubileusz 100-lecia powstania lokalnej biblioteki publicznej.
BRAK_ZDARZENIA;Dyskusja o przyszłości transportu publicznego w dużych miastach.
BRAK_ZDARZENIA;Wpływ mediów społecznościowych na relacje międzyludzkie.
BRAK_ZDARZENIA;Nowoczesne metody nauki języków obcych bez wychodzenia z domu.
BRAK_ZDARZENIA;Znaczenie wolontariatu w budowaniu lokalnych społeczności.
BRAK_ZDARZENIA;5 sposobów na lepszy sen każdej nocy.
BRAK_ZDARZENIA;Dlaczego warto pić wodę z cytryną o poranku?
BRAK_ZDARZENIA;Przegląd najciekawszych aplikacji do planowania budżetu.
BRAK_ZDARZENIA;Gdzie na wakacje w listopadzie? Słoneczne kierunki w Europie.
BRAK_ZDARZENIA;Zalety posiadania zwierzęcia domowego dla zdrowia psychicznego.
BRAK_ZDARZENIA;Jak wybrać najlepszy aparat fotograficzny dla początkujących?
BRAK_ZDARZENIA;Ewolucja mody ulicznej w ciągu ostatnich trzydziestu lat.
BRAK_ZDARZENIA;Dlaczego gry planszowe przeżywają obecnie swój renesans?
BRAK_ZDARZENIA;Najlepsze podcasty kryminalne, których warto posłuchać.
BRAK_ZDARZENIA;Jak zorganizować domowe biuro w małym mieszkaniu?
BRAK_ZDARZENIA;Nowy polski serial kryminalny bije rekordy oglądalności na Netflixie.
BRAK_ZDARZENIA;Znany reżyser zapowiedział ekranizację popularnej powieści fantasy.
BRAK_ZDARZENIA;Wystawa obrazów impresjonistów przyjechała do Muzeum Narodowego.
BRAK_ZDARZENIA;Polska pianistka wygrała prestiżowy konkurs muzyczny w Japonii.
BRAK_ZDARZENIA;Znamy program tegorocznego festiwalu filmowego w Gdyni.
BRAK_ZDARZENIA;Teatr Wielki wystawi nowoczesną adaptację Dziadów.
BRAK_ZDARZENIA;Nowy mural w centrum Łodzi upamiętnia znanych poetów.
BRAK_ZDARZENIA;Polska gra wideo otrzymała nagrodę za najlepszą oprawę graficzną.
BRAK_ZDARZENIA;Biografia legendarnego muzyka rockowego trafiła do księgarń.
BRAK_ZDARZENIA;Festiwal kolorów przyciągnął tysiące młodych ludzi nad Wisłę.
BRAK_ZDARZENIA;Muzeum Lotnictwa w Krakowie wzbogaciło się o unikatowy eksponat.
BRAK_ZDARZENIA;Gwiazda pop ogłosiła daty swojej europejskiej trasy koncertowej.
BRAK_ZDARZENIA;Nowy tomik poezji młodego autora zyskał uznanie krytyków.
BRAK_ZDARZENIA;Premiera opery w Poznaniu zakończyła się owacją na stojąco.
BRAK_ZDARZENIA;Polska projektantka mody zaprezentowała kolekcję w Mediolanie.
BRAK_ZDARZENIA;Kino letnie w parku przyciąga fanów klasyki filmowej.
BRAK_ZDARZENIA;Zabytkowy kościół na Podlasiu odzyskał swój dawny blask.
BRAK_ZDARZENIA;Międzynarodowy zjazd iluzjonistów rozpoczął się we Wrocławiu.
BRAK_ZDARZENIA;Nowa płyta jazzowa polskiego kwintetu zebrała świetne recenzje.
BRAK_ZDARZENIA;Warszawska galeria sztuki promuje młodych artystów z ASP.
BRAK_ZDARZENIA;Adaptacja komiksu na wielki ekran wywołuje spore emocje.
BRAK_ZDARZENIA;Kultowa dobranocka powraca w odświeżonej wersji 3D.
BRAK_ZDARZENIA;Polska rzeźbiarka stworzyła instalację dla parku w Nowym Jorku.
BRAK_ZDARZENIA;Festiwal pierogów w Krakowie przyciąga smakoszy z całego kraju.
BRAK_ZDARZENIA;Nowy numer popularnego magazynu o podróżach już w sprzedaży.
BRAK_ZDARZENIA;Bociany zaczęły wracać do gniazd na Warmii i Mazurach.
BRAK_ZDARZENIA;Nowa ścieżka rowerowa połączyła dwa brzegi jeziora Śniardwy.
BRAK_ZDARZENIA;Leśnicy odkryli rzadkie siedlisko storczyków w puszczy.
BRAK_ZDARZENIA;Tatrzański Park Narodowy wprowadza limity wejść na popularne szlaki.
BRAK_ZDARZENIA;Wieloryb zaobserwowany u wybrzeży Bałtyku zaskoczył naukowców.
BRAK_ZDARZENIA;Ogród botaniczny w Powsinie zaprasza na festiwal magnolii.
BRAK_ZDARZENIA;Nowa aplikacja pomaga rozpoznawać gatunki grzybów w lesie.
BRAK_ZDARZENIA;Wolontariusze posadzili tysiąc dębów w ramach akcji ekologicznej.
BRAK_ZDARZENIA;Ranking najpiękniejszych wsi w Polsce promuje turystykę regionalną.
BRAK_ZDARZENIA;Rezerwat przyrody w dolinie Biebrzy chroni rzadkie gatunki ptaków.
BRAK_ZDARZENIA;Jak bezpiecznie wędrować po górach jesienią? Poradnik GOPR.
BRAK_ZDARZENIA;Nadmorskie wydmy w Słowińskim Parku Narodowym zmieniają kształt.
BRAK_ZDARZENIA;Rejs dookoła świata polskiego żeglarza dobiega końca.
BRAK_ZDARZENIA;Wrocławskie zoo powitało na świecie małego hipopotama.
BRAK_ZDARZENIA;Nowoczesne schronisko górskie w Karkonoszach otwiera podwoje.
BRAK_ZDARZENIA;Polskie rzeki stają się coraz czystsze dzięki nowym oczyszczalniom.
BRAK_ZDARZENIA;Miłośnicy astronomii obserwowali deszcz meteorów nad mazurami.
BRAK_ZDARZENIA;Nowa wieża widokowa w Beskidach oferuje panoramę Tatr.
BRAK_ZDARZENIA;Ekolodzy walczą o zachowanie naturalnego biegu dzikich rzek.
BRAK_ZDARZENIA;Jak przygotować się na pierwszą wyprawę pod namiot?
BRAK_ZDARZENIA;Rykowisko jeleni rozpoczęło się w lasach na Podkarpaciu.
BRAK_ZDARZENIA;Zmiany w kursowaniu promów przez Wisłę z powodu niskiego stanu wody.
BRAK_ZDARZENIA;Nowy gatunek owada opisany przez entomologów z Olsztyna.
BRAK_ZDARZENIA;Podziemna trasa turystyczna w kopalni soli zachwyca turystów.
BRAK_ZDARZENIA;Żółwie błotne wróciły na tereny bagienne w Wielkopolsce.
BRAK_ZDARZENIA;Polskie uniwersytety awansowały w prestiżowym rankingu światowym.
BRAK_ZDARZENIA;Nowoczesna metoda nauczania matematyki podbija polskie szkoły.
BRAK_ZDARZENIA;Jak dbać o wzrok pracując przy komputerze? Eksperci radzą.
BRAK_ZDARZENIA;Polska fundacja promuje czytelnictwo wśród najmłodszych dzieci.
BRAK_ZDARZENIA;Nowy kierunek studiów na politechnice uczy projektowania dronów.
BRAK_ZDARZENIA;Kursy programowania dla seniorów cieszą się ogromnym zainteresowaniem.
BRAK_ZDARZENIA;Zdrowa dieta może poprawić samopoczucie w okresie jesiennym.
BRAK_ZDARZENIA;Międzynarodowy dzień jogi zgromadził setki osób na polach mokotowskich.
BRAK_ZDARZENIA;Jak zaoszczędzić na ogrzewaniu domu? Praktyczne wskazówki.
BRAK_ZDARZENIA;Nowy system rezerwacji wizyt u lekarza ułatwia życie pacjentom.
BRAK_ZDARZENIA;Polscy studenci medycyny wygrali olimpiadę wiedzy w USA.
BRAK_ZDARZENIA;Dlaczego warto spać minimum siedem godzin na dobę?
BRAK_ZDARZENIA;Warsztaty stolarskie dla kobiet stały się hitem we Wrocławiu.
BRAK_ZDARZENIA;Mobilna biblioteka odwiedza najmniejsze miejscowości w powiecie.
BRAK_ZDARZENIA;Jakie zioła warto hodować na balkonie? Poradnik ogrodniczy.
BRAK_ZDARZENIA;Ewolucja języka polskiego: jak media społecznościowe zmieniają mowę?
BRAK_ZDARZENIA;Coraz więcej Polaków decyduje się na naukę rzadkich języków.
BRAK_ZDARZENIA;Nowoczesna szkoła na wsi wygrywa konkurs na projekt architektoniczny.
BRAK_ZDARZENIA;Wpływ muzyki klasycznej na rozwój płodu: co mówią badania?
BRAK_ZDARZENIA;Jak skutecznie planować budżet domowy w czasie inflacji?
BRAK_ZDARZENIA;Warsztaty z robienia domowych przetworów przyciągają młodych.
BRAK_ZDARZENIA;Dlaczego gry planszowe pomagają budować relacje rodzinne?
BRAK_ZDARZENIA;Polska szkoła filmowa świętuje swoje siedemdziesięciolecie.
BRAK_ZDARZENIA;Jakie kompetencje będą kluczowe na rynku pracy za dziesięć lat?
BRAK_ZDARZENIA;Historia polskiego designu: od lat 60. do współczesności.
BRAK_ZDARZENIA;Polscy e-sportowcy wygrali turniej w grę strategiczną w Katowicach.
BRAK_ZDARZENIA;Nowy model polskiego roweru elektrycznego wchodzi na rynek.
BRAK_ZDARZENIA;Trening cardio czy siłowy? Trenerzy personalni wyjaśniają różnice.
BRAK_ZDARZENIA;Nowoczesna aplikacja treningowa monitoruje postępy biegaczy.
BRAK_ZDARZENIA;Polskie studio stworzyło innowacyjny symulator lotu dronem.
BRAK_ZDARZENIA;Składane laptopy stają się standardem w pracy zdalnej.
BRAK_ZDARZENIA;Mistrzostwa Polski w surfingu odbyły się na plaży w Chałupach.
BRAK_ZDARZENIA;Jak technologia 5G zmieni sposób oglądania transmisji sportowych?
BRAK_ZDARZENIA;Nowy rekord Polski w freedivingu padł na basenie w Mszczonowie.
BRAK_ZDARZENIA;Polska szachistka została arcymistrzynią w bardzo młodym wieku.
BRAK_ZDARZENIA;Rozwój fotowoltaiki w Polsce: coraz więcej paneli na dachach domów.
BRAK_ZDARZENIA;Robot kuchenny z funkcją WiFi ułatwia przygotowanie posiłków.
BRAK_ZDARZENIA;Polscy inżynierowie zbudowali najszybszy pociąg magnetyczny.
BRAK_ZDARZENIA;Jakie korzyści płyną z morsowania? Lekarze ostrzegają i radzą.
BRAK_ZDARZENIA;Nowy standard nadawania telewizji cyfrowej wchodzi w życie.
BRAK_ZDARZENIA;Turniej badmintona w Gdańsku przyciągnął zawodników z 10 krajów.
BRAK_ZDARZENIA;Inteligentne zegarki potrafią wykryć niebezpieczne tętno.
BRAK_ZDARZENIA;Polscy wspinacze wyznaczyli nową trasę w Tatrach Wysokich.
BRAK_ZDARZENIA;Jak blockchain może zabezpieczyć nasze dane medyczne?
BRAK_ZDARZENIA;Sukces polskich gimnastyczek na zawodach w Berlinie.
BRAK_ZDARZENIA;Nowy dron dostawczy przeszedł pomyślnie testy w Warszawie.
BRAK_ZDARZENIA;Historia pierwszych polskich sukcesów na letnich igrzyskach.
BRAK_ZDARZENIA;Rozwój wirtualnych asystentów: czy zastąpią nas w prostych pracach?
BRAK_ZDARZENIA;Polscy motocykliści ruszyli na wyprawę przez całą Azję.
BRAK_ZDARZENIA;Polska liga squasha przyciąga coraz więcej amatorów.